Date,State,County,Code,Code.1,Name,Bldgs,Units,Value,Bldgs.1,Units.1,Value.1,Bldgs.2,Units.2,Value.2,Bldgs.3,Units.3,Value.3,Bldgs.4,Units.4,Value.4,Bldgs.5,Units.5,Value.5,Bldgs.6,Units.6,Value.6,Bldgs.7,Units.7,Value.7
2020-12-01,53,5,4,9,Benton County                 ,131,131,40056796,4,8,652940,0,0,0,2,24,3274774,131,131,40056796,4,8,652940,0,0,0,2,24,3274774
2020-12-01,53,11,4,9,Clark County                  ,346,346,96795682,0,0,0,1,4,767183,7,227,23684327,179,179,44723692,0,0,0,1,4,767183,6,222,23179023
2020-12-01,53,21,4,9,Franklin County               ,46,46,13408496,0,0,0,0,0,0,0,0,0,46,46,13408496,0,0,0,0,0,0,0,0,0
2020-12-01,53,31,4,9,Jefferson County              ,14,14,3280000,0,0,0,0,0,0,0,0,0,3,3,542733,0,0,0,0,0,0,0,0,0
2020-12-01,53,33,4,9,King County                   ,369,369,144023262,27,54,15088673,14,48,10629196,24,1473,314428430,243,243,91841609,26,52,14569595,14,48,10629196,20,1254,289866213
2020-12-01,53,35,4,9,Kitsap County                 ,93,93,27533913,0,0,0,0,0,0,2,58,3399891,93,93,27533913,0,0,0,0,0,0,2,58,3399891
2020-12-01,53,53,4,9,Pierce County                 ,173,173,51750550,1,2,414170,3,12,2294578,11,94,10790190,173,173,51750550,1,2,414170,3,12,2294578,11,94,10790190
2020-12-01,53,55,4,9,San Juan County               ,8,8,1882763,0,0,0,0,0,0,0,0,0,0,0,0,0,0,0,0,0,0,0,0,0
2020-12-01,53,59,4,9,Skamania County               ,5,5,991091,0,0,0,0,0,0,0,0,0,5,5,991091,0,0,0,0,0,0,0,0,0
2020-12-01,53,61,4,9,Snohomish County              ,153,153,47120563,5,10,2580036,0,0,0,15,253,42317547,139,139,43038557,4,8,2108971,0,0,0,10,141,30638889
2019-01-01,53,5,4,9,Benton County                 ,87,87,24918228,1,2,758350,0,0,0,12,276,32410740,69,69,19351686,1,2,758350,0,0,0,12,276,32410740
2019-01-01,53,11,4,9,Clark County                  ,182,182,49764337,0,0,0,1,4,282761,4,40,4298643,171,171,47031758,0,0,0,1,4,282761,4,40,4298643
2019-01-01,53,21,4,9,Franklin County               ,37,37,9824177,3,6,520919,0,0,0,0,0,0,4,4,1407515,0,0,0,0,0,0,0,0,0
2019-01-01,53,31,4,9,Jefferson County              ,11,11,2855075,0,0,0,0,0,0,0,0,0,11,11,2855075,0,0,0,0,0,0,0,0,0
2019-01-01,53,33,4,9,King County                   ,256,256,101907382,25,50,11003242,15,53,10200511,15,623,91263832,160,160,61075676,25,50,11003242,15,53,10200511,14,618,90763767
2019-01-01,53,35,4,9,Kitsap County                 ,52,52,15157095,0,0,0,0,0,0,0,0,0,44,44,13168276,0,0,0,0,0,0,0,0,0
2019-01-01,53,53,4,9,Pierce County                 ,179,179,54848851,1,2,150000,10,40,6160580,3,80,10878148,167,167,51516382,0,0,0,10,40,6160580,1,7,1794444
2019-01-01,53,55,4,9,San Juan County               ,6,6,899072,0,0,0,0,0,0,0,0,0,6,6,899072,0,0,0,0,0,0,0,0,0
2019-01-01,53,59,4,9,Skamania County               ,6,6,1449636,0,0,0,0,0,0,0,0,0,6,6,1449636,0,0,0,0,0,0,0,0,0
2019-01-01,53,61,4,9,Snohomish County              ,143,143,41720833,0,0,0,9,36,8542369,11,69,12376215,139,139,40511917,0,0,0,9,36,8542369,11,69,12376215
2020-04-01,53,5,4,9,Benton County                 ,33,33,11516408,1,2,368284,0,0,0,0,0,0,33,33,11516408,1,2,368284,0,0,0,0,0,0
2020-04-01,53,11,4,9,Clark County                  ,139,139,41991787,0,0,0,0,0,0,0,0,0,30,30,8794762,0,0,0,0,0,0,0,0,0
2020-04-01,53,21,4,9,Franklin County               ,30,30,8000977,0,0,0,0,0,0,0,0,0,2,2,706809,0,0,0,0,0,0,0,0,0
2020-04-01,53,31,4,9,Jefferson County              ,10,10,2438701,0,0,0,0,0,0,0,0,0,1,1,199119,0,0,0,0,0,0,0,0,0
2020-04-01,53,33,4,9,King County                   ,181,181,69167615,21,42,9915957,21,73,15776610,11,796,117885605,105,105,37693360,19,38,8890337,21,73,15776610,7,675,104675022
2020-04-01,53,35,4,9,Kitsap County                 ,23,23,6577090,0,0,0,0,0,0,1,13,1096651,12,12,3893631,0,0,0,0,0,0,0,0,0
2020-04-01,53,53,4,9,Pierce County                 ,141,141,42522180,7,14,2457349,6,23,3657696,4,196,30164821,129,129,38928981,6,12,2091391,5,20,3193195,3,132,22188813
2020-04-01,53,55,4,9,San Juan County               ,6,6,1412072,0,0,0,0,0,0,0,0,0,0,0,0,0,0,0,0,0,0,0,0,0
2020-04-01,53,59,4,9,Skamania County               ,6,6,1260554,0,0,0,0,0,0,0,0,0,6,6,1260554,0,0,0,0,0,0,0,0,0
2020-04-01,53,61,4,9,Snohomish County              ,107,107,26090985,1,2,471065,0,0,0,2,47,5232118,91,91,21248944,0,0,0,0,0,0,0,0,0
2018-05-01,53,5,4,9,Benton County                 ,79,79,23451517,2,4,353172,2,6,1059516,2,19,1906396,27,27,8595151,2,4,353172,2,6,1059516,0,0,0
2018-05-01,53,11,4,9,Clark County                  ,262,262,73749989,3,6,1042682,1,3,607164,1,16,1616974,110,110,22433492,2,4,688012,0,0,0,0,0,0
2018-05-01,53,21,4,9,Franklin County               ,65,65,17909647,2,4,347280,0,0,0,1,5,599552,15,15,5157128,0,0,0,0,0,0,0,0,0
2018-05-01,53,31,4,9,Jefferson County              ,15,15,3398604,0,0,0,0,0,0,0,0,0,2,2,298000,0,0,0,0,0,0,0,0,0
2018-05-01,53,33,4,9,King County                   ,384,384,146645105,10,20,4578581,5,16,3394445,11,600,79432789,272,272,97890337,10,20,4578581,4,13,2743108,8,559,75053156
2018-05-01,53,35,4,9,Kitsap County                 ,87,87,25534536,0,0,0,0,0,0,0,0,0,66,66,18580911,0,0,0,0,0,0,0,0,0
2018-05-01,53,53,4,9,Pierce County                 ,216,216,65487679,3,6,1158118,1,4,547684,4,96,10399437,212,212,64238147,3,6,1158118,1,4,547684,4,96,10399437
2018-05-01,53,55,4,9,San Juan County               ,11,11,2015983,0,0,0,0,0,0,0,0,0,11,11,2015983,0,0,0,0,0,0,0,0,0
2018-05-01,53,59,4,9,Skamania County               ,8,8,1697868,0,0,0,0,0,0,0,0,0,8,8,1697868,0,0,0,0,0,0,0,0,0
2018-05-01,53,61,4,9,Snohomish County              ,196,196,57434142,1,2,350695,1,3,477912,6,89,10197404,177,177,51178731,1,2,350695,1,3,477912,6,89,10197404
2020-08-01,53,5,4,9,Benton County                 ,84,84,25107742,2,4,731893,0,0,0,1,24,2868573,23,23,8023460,0,0,0,0,0,0,0,0,0
2020-08-01,53,11,4,9,Clark County                  ,365,365,106533983,2,4,968783,2,8,850659,3,48,5600135,202,202,55788611,2,4,968783,2,8,850659,3,48,5600135
2020-08-01,53,21,4,9,Franklin County               ,60,60,17114284,1,2,173640,0,0,0,0,0,0,11,11,4309997,0,0,0,0,0,0,0,0,0
2020-08-01,53,31,4,9,Jefferson County              ,14,14,3047078,0,0,0,0,0,0,0,0,0,3,3,309811,0,0,0,0,0,0,0,0,0
2020-08-01,53,33,4,9,King County                   ,322,322,137449784,19,38,9968733,11,37,7451875,21,757,82615993,217,217,94048602,18,36,9449655,10,34,6801975,17,650,70662896
2020-08-01,53,35,4,9,Kitsap County                 ,80,80,24211271,1,2,390681,0,0,0,1,7,590504,61,61,19576206,1,2,390681,0,0,0,0,0,0
2020-08-01,53,53,4,9,Pierce County                 ,199,199,57336718,1,2,280000,2,7,1483551,19,129,21123125,199,199,57336718,1,2,280000,2,7,1483551,19,129,21123125
2020-08-01,53,55,4,9,San Juan County               ,11,11,2353070,1,2,237780,0,0,0,0,0,0,0,0,0,0,0,0,0,0,0,0,0,0
2020-08-01,53,59,4,9,Skamania County               ,6,6,1088920,0,0,0,0,0,0,0,0,0,6,6,1088920,0,0,0,0,0,0,0,0,0
2020-08-01,53,61,4,9,Snohomish County              ,274,274,89225045,8,16,3809632,3,12,2799504,6,163,18010218,257,257,84320398,7,14,3338567,3,12,2799504,4,109,12232805
2018-09-01,53,5,4,9,Benton County                 ,51,51,15157825,0,0,0,0,0,0,1,8,807895,13,13,4307436,0,0,0,0,0,0,0,0,0
2018-09-01,53,11,4,9,Clark County                  ,178,178,56224208,1,2,354670,0,0,0,3,45,3405125,66,66,18315586,0,0,0,0,0,0,2,30,1889212
2018-09-01,53,21,4,9,Franklin County               ,45,45,12376174,2,4,347280,0,0,0,1,5,599552,7,7,2684260,0,0,0,0,0,0,0,0,0
2018-09-01,53,31,4,9,Jefferson County              ,14,14,3755147,0,0,0,0,0,0,0,0,0,2,2,893051,0,0,0,0,0,0,0,0,0
2018-09-01,53,33,4,9,King County                   ,340,340,131744061,18,36,7255038,16,52,10838310,24,887,106314794,241,241,90189262,18,36,7255038,15,49,10384514,22,853,102592523
2018-09-01,53,35,4,9,Kitsap County                 ,70,70,21512510,3,6,1066866,0,0,0,2,48,2415350,70,70,21512510,3,6,1066866,0,0,0,2,48,2415350
2018-09-01,53,53,4,9,Pierce County                 ,140,140,44312027,12,24,4367035,0,0,0,13,264,27675962,138,138,43549238,12,24,4367035,0,0,0,13,264,27675962
2018-09-01,53,55,4,9,San Juan County               ,17,17,2494853,0,0,0,0,0,0,0,0,0,6,6,25500,0,0,0,0,0,0,0,0,0
2018-09-01,53,59,4,9,Skamania County               ,4,4,899861,0,0,0,0,0,0,0,0,0,0,0,0,0,0,0,0,0,0,0,0,0
2018-09-01,53,61,4,9,Snohomish County              ,144,144,49615767,3,6,1282325,11,38,7840545,4,26,4895023,125,125,43745875,3,6,1282325,11,38,7840545,4,26,4895023
2018-08-01,53,5,4,9,Benton County                 ,79,79,22253832,1,2,405100,0,0,0,2,21,1792580,54,54,14755657,0,0,0,0,0,0,1,16,1300000
2018-08-01,53,11,4,9,Clark County                  ,230,230,70373963,2,4,362301,3,11,1196494,24,365,34830928,96,96,24964868,2,4,362301,3,11,1196494,23,351,33416076
2018-08-01,53,21,4,9,Franklin County               ,59,59,16921560,2,4,347280,0,0,0,1,5,599552,14,14,5444293,0,0,0,0,0,0,0,0,0
2018-08-01,53,31,4,9,Jefferson County              ,22,22,5255128,0,0,0,0,0,0,0,0,0,6,6,1439000,0,0,0,0,0,0,0,0,0
2018-08-01,53,33,4,9,King County                   ,386,386,158886073,24,48,10344989,12,43,8527802,20,900,125263773,297,297,119083340,24,48,10344989,12,43,8527802,18,890,124132233
2018-08-01,53,35,4,9,Kitsap County                 ,88,88,29457581,0,0,0,0,0,0,9,54,5029810,77,77,26722954,0,0,0,0,0,0,9,54,5029810
2018-08-01,53,53,4,9,Pierce County                 ,228,228,68691057,15,30,5868779,0,0,0,8,252,34072175,226,226,67868321,15,30,5868779,0,0,0,8,252,34072175
2018-08-01,53,55,4,9,San Juan County               ,12,12,1932878,0,0,0,0,0,0,0,0,0,12,12,1932878,0,0,0,0,0,0,0,0,0
2018-08-01,53,59,4,9,Skamania County               ,9,9,2095374,0,0,0,0,0,0,0,0,0,9,9,2095374,0,0,0,0,0,0,0,0,0
2018-08-01,53,61,4,9,Snohomish County              ,224,224,71902655,1,2,351799,8,31,7276187,7,43,7623934,167,167,55540670,0,0,0,8,31,7276187,7,43,7623934
2020-09-01,53,5,4,9,Benton County                 ,89,89,25889159,0,0,0,0,0,0,0,0,0,67,67,20726243,0,0,0,0,0,0,0,0,0
2020-09-01,53,11,4,9,Clark County                  ,366,366,100759161,0,0,0,0,0,0,10,111,11381955,202,202,49283897,0,0,0,0,0,0,9,106,10876651
2020-09-01,53,21,4,9,Franklin County               ,63,63,17702473,1,2,173640,0,0,0,0,0,0,11,11,4116668,0,0,0,0,0,0,0,0,0
2020-09-01,53,31,4,9,Jefferson County              ,16,16,3601252,0,0,0,0,0,0,0,0,0,3,3,366300,0,0,0,0,0,0,0,0,0
2020-09-01,53,33,4,9,King County                   ,320,320,128116116,21,42,11804518,16,57,7957339,23,1291,133864154,204,204,80114484,18,36,10541437,15,53,6620868,21,1195,123597450
2020-09-01,53,35,4,9,Kitsap County                 ,96,96,30566132,1,2,331376,0,0,0,4,96,9458979,76,76,25687116,1,2,331376,0,0,0,3,85,8531043
2020-09-01,53,53,4,9,Pierce County                 ,233,233,73660587,1,2,355932,1,4,772051,13,321,31364514,232,232,73199087,1,2,355932,1,4,772051,13,321,31364514
2020-09-01,53,55,4,9,San Juan County               ,11,11,2814790,0,0,0,0,0,0,0,0,0,2,2,696681,0,0,0,0,0,0,0,0,0
2020-09-01,53,59,4,9,Skamania County               ,3,3,717619,0,0,0,0,0,0,0,0,0,3,3,717619,0,0,0,0,0,0,0,0,0
2020-09-01,53,61,4,9,Snohomish County              ,244,244,71044979,10,20,4439666,0,0,0,9,95,12323654,218,218,62297470,10,20,4439666,0,0,0,5,31,5428090
2017-01-01,53,5,4,9,Benton County                 ,48,48,14224291,0,0,0,0,0,0,1,12,1375495,10,10,3346254,0,0,0,0,0,0,0,0,0
2017-01-01,53,11,4,9,Clark County                  ,162,162,42495154,0,0,0,0,0,0,5,100,8092797,43,43,8111947,0,0,0,0,0,0,3,64,4309824
2017-01-01,53,21,4,9,Franklin County               ,28,28,7405468,0,0,0,0,0,0,0,0,0,0,0,0,0,0,0,0,0,0,0,0,0
2017-01-01,53,31,4,9,Jefferson County              ,10,10,2503369,0,0,0,0,0,0,0,0,0,10,10,2503369,0,0,0,0,0,0,0,0,0
2017-01-01,53,33,4,9,King County                   ,300,300,119615722,22,44,9469324,15,53,11938485,22,608,83558107,252,252,94983597,22,44,9469324,15,53,11938485,19,559,76116852
2017-01-01,53,35,4,9,Kitsap County                 ,64,64,17880808,0,0,0,0,0,0,0,0,0,64,64,17880808,0,0,0,0,0,0,0,0,0
2017-01-01,53,53,4,9,Pierce County                 ,221,221,67916830,1,2,342336,0,0,0,9,328,39938263,220,220,67653168,1,2,342336,0,0,0,8,323,39042960
2017-01-01,53,55,4,9,San Juan County               ,5,5,1203041,0,0,0,0,0,0,0,0,0,0,0,0,0,0,0,0,0,0,0,0,0
2017-01-01,53,59,4,9,Skamania County               ,2,2,496863,0,0,0,0,0,0,0,0,0,2,2,496863,0,0,0,0,0,0,0,0,0
2017-01-01,53,61,4,9,Snohomish County              ,210,210,59126507,2,4,909810,1,3,404502,2,31,3179744,193,193,55139652,1,2,493638,1,3,404502,0,0,0
2018-04-01,53,5,4,9,Benton County                 ,81,81,23666459,1,2,375513,0,0,0,1,5,492580,55,55,15868357,1,2,375513,0,0,0,0,0,0
2018-04-01,53,11,4,9,Clark County                  ,229,229,65067698,3,6,718747,1,3,607164,2,24,2487902,82,82,15587912,2,4,364077,0,0,0,0,0,0
2018-04-01,53,21,4,9,Franklin County               ,62,62,17167452,2,4,347280,0,0,0,1,5,599552,2,2,317931,0,0,0,0,0,0,0,0,0
2018-04-01,53,31,4,9,Jefferson County              ,11,11,2545183,0,0,0,0,0,0,0,0,0,11,11,2545183,0,0,0,0,0,0,0,0,0
2018-04-01,53,33,4,9,King County                   ,448,448,160490887,16,32,6859242,13,42,7299914,16,770,82093039,337,337,111644558,16,32,6859242,12,39,6799402,12,711,75398222
2018-04-01,53,35,4,9,Kitsap County                 ,73,73,25092160,0,0,0,0,0,0,0,0,0,73,73,25092160,0,0,0,0,0,0,0,0,0
2018-04-01,53,53,4,9,Pierce County                 ,228,228,68004707,2,4,662041,3,12,2167369,8,372,48704134,225,225,66949116,2,4,662041,3,12,2167369,8,372,48704134
2018-04-01,53,55,4,9,San Juan County               ,10,10,2244867,0,0,0,0,0,0,0,0,0,0,0,0,0,0,0,0,0,0,0,0,0
2018-04-01,53,59,4,9,Skamania County               ,4,4,1092488,0,0,0,0,0,0,0,0,0,4,4,1092488,0,0,0,0,0,0,0,0,0
2018-04-01,53,61,4,9,Snohomish County              ,154,154,43792214,6,12,2590728,0,0,0,16,467,43780427,117,117,31979797,6,12,2590728,0,0,0,16,467,43780427
2020-05-01,53,5,4,9,Benton County                 ,70,70,22318505,1,2,320697,0,0,0,0,0,0,70,70,22318505,1,2,320697,0,0,0,0,0,0
2020-05-01,53,11,4,9,Clark County                  ,231,231,69971848,3,6,1169297,0,0,0,0,0,0,104,104,31448253,3,6,1169297,0,0,0,0,0,0
2020-05-01,53,21,4,9,Franklin County               ,43,43,12104236,0,0,0,0,0,0,0,0,0,11,11,3768044,0,0,0,0,0,0,0,0,0
2020-05-01,53,31,4,9,Jefferson County              ,11,11,2583136,0,0,0,0,0,0,0,0,0,11,11,2583136,0,0,0,0,0,0,0,0,0
2020-05-01,53,33,4,9,King County                   ,267,267,98841122,24,48,12610461,16,58,11653372,23,1660,208371320,183,183,64551801,22,44,11584841,15,55,10651019,18,1538,195151631
2020-05-01,53,35,4,9,Kitsap County                 ,113,113,32129953,0,0,0,0,0,0,0,0,0,113,113,32129953,0,0,0,0,0,0,0,0,0
2020-05-01,53,53,4,9,Pierce County                 ,244,244,73611869,7,14,2706551,2,8,1478995,2,92,9715531,243,243,73278761,7,14,2706551,2,8,1478995,2,92,9715531
2020-05-01,53,55,4,9,San Juan County               ,9,9,2202763,0,0,0,0,0,0,0,0,0,1,1,320000,0,0,0,0,0,0,0,0,0
2020-05-01,53,59,4,9,Skamania County               ,11,11,2516898,0,0,0,0,0,0,0,0,0,11,11,2516898,0,0,0,0,0,0,0,0,0
2020-05-01,53,61,4,9,Snohomish County              ,178,178,53064462,1,2,471065,0,0,0,7,333,62232850,154,154,45359847,0,0,0,0,0,0,3,258,54019103
2018-12-01,53,5,4,9,Benton County                 ,70,70,21076286,2,4,758350,0,0,0,0,0,0,53,53,15735068,2,4,758350,0,0,0,0,0,0
2018-12-01,53,11,4,9,Clark County                  ,162,162,49302618,1,2,217545,0,0,0,5,82,7634165,53,53,12601966,1,2,217545,0,0,0,2,48,4120045
2018-12-01,53,21,4,9,Franklin County               ,48,48,12885727,2,4,347280,0,0,0,1,5,599552,13,13,3958964,0,0,0,0,0,0,0,0,0
2018-12-01,53,31,4,9,Jefferson County              ,10,10,2165876,0,0,0,0,0,0,0,0,0,0,0,0,0,0,0,0,0,0,0,0,0
2018-12-01,53,33,4,9,King County                   ,230,230,93592422,18,36,7377774,13,47,9138207,22,1135,90494957,117,117,45564453,18,36,7377774,12,44,8637695,20,1092,86100967
2018-12-01,53,35,4,9,Kitsap County                 ,54,54,15898264,1,2,366617,0,0,0,0,0,0,46,46,13909445,1,2,366617,0,0,0,0,0,0
2018-12-01,53,53,4,9,Pierce County                 ,151,151,46862478,5,10,1764435,2,8,1234302,5,326,52300473,149,149,46269523,5,10,1764435,2,8,1234302,5,326,52300473
2018-12-01,53,55,4,9,San Juan County               ,7,7,1351435,0,0,0,0,0,0,0,0,0,7,7,1351435,0,0,0,0,0,0,0,0,0
2018-12-01,53,59,4,9,Skamania County               ,3,3,674896,0,0,0,0,0,0,0,0,0,0,0,0,0,0,0,0,0,0,0,0,0
2018-12-01,53,61,4,9,Snohomish County              ,188,188,54249982,1,2,351799,2,6,1002184,0,0,0,153,153,44719937,0,0,0,1,3,532504,0,0,0
2021-01-01,53,5,4,9,Benton County                 ,122,122,37821822,1,2,433217,0,0,0,1,36,4302860,56,56,17881519,0,0,0,0,0,0,0,0,0
2021-01-01,53,11,4,9,Clark County                  ,275,275,81428253,0,0,0,3,10,1792048,5,182,37147677,127,127,35262379,0,0,0,2,7,1350542,5,182,37147677
2021-01-01,53,21,4,9,Franklin County               ,56,56,15519061,1,2,173640,0,0,0,0,0,0,2,2,491451,0,0,0,0,0,0,0,0,0
2021-01-01,53,31,4,9,Jefferson County              ,16,16,3872958,0,0,0,0,0,0,0,0,0,5,5,1135691,0,0,0,0,0,0,0,0,0
2021-01-01,53,33,4,9,King County                   ,307,307,121309626,9,18,4399829,15,54,7548540,28,946,69016219,216,216,84066922,9,18,4399829,14,51,6546187,25,795,52841423
2021-01-01,53,35,4,9,Kitsap County                 ,58,58,19185708,0,0,0,0,0,0,0,0,0,58,58,19185708,0,0,0,0,0,0,0,0,0
2021-01-01,53,53,4,9,Pierce County                 ,371,371,111042760,0,0,0,5,19,3135688,11,385,38521199,370,370,110667292,0,0,0,5,19,3135688,10,380,38061236
2021-01-01,53,55,4,9,San Juan County               ,13,13,2821763,0,0,0,0,0,0,0,0,0,5,5,939000,0,0,0,0,0,0,0,0,0
2021-01-01,53,59,4,9,Skamania County               ,3,3,713102,0,0,0,0,0,0,0,0,0,3,3,713102,0,0,0,0,0,0,0,0,0
2021-01-01,53,61,4,9,Snohomish County              ,153,153,45391405,8,16,3999236,1,4,572370,7,149,16348949,129,129,38157182,7,14,3528171,1,4,572370,3,61,7180933
2021-06-01,53,5,4,9,Benton County                                               ,113,113,36046480,0,0,0,0,0,0,1,5,312500,64,64,22117230,0,0,0,0,0,0,0,0,0
2021-06-01,53,11,4,9,Clark County                                                ,347,347,101261321,1,2,478420,8,32,3085721,9,137,15214442,219,219,63497042,0,0,0,7,28,2386773,5,69,6423829
2021-06-01,53,21,4,9,Franklin County                                             ,63,63,17067071,0,0,0,0,0,0,0,0,0,3,3,681851,0,0,0,0,0,0,0,0,0
2021-06-01,53,31,4,9,Jefferson County                                            ,23,23,5328571,1,2,271838,0,0,0,0,0,0,3,3,468558,1,2,271838,0,0,0,0,0,0
2021-06-01,53,33,4,9,King County                                                 ,260,260,108736061,23,46,13722797,35,118,37483270,20,540,90419684,160,160,72748338,23,46,13722797,34,115,36833270,17,514,87352557
2021-06-01,53,35,4,9,Kitsap County                                               ,100,100,31347259,0,0,0,0,0,0,0,0,0,100,100,31347259,0,0,0,0,0,0,0,0,0
2021-06-01,53,53,4,9,Pierce County                                               ,221,221,72413474,3,6,1043928,1,4,557035,11,144,17892945,216,216,70992105,2,4,699478,1,4,557035,10,132,15900894
2021-06-01,53,55,4,9,San Juan County                                             ,18,18,4795080,0,0,0,0,0,0,0,0,0,0,0,0,0,0,0,0,0,0,0,0,0
2021-06-01,53,59,4,9,Skamania County                                             ,10,10,2867798,0,0,0,0,0,0,0,0,0,10,10,2867798,0,0,0,0,0,0,0,0,0
2021-06-01,53,61,4,9,Snohomish County                                            ,186,186,55994322,4,8,1659180,2,8,1816218,8,168,20685301,149,149,44541890,3,6,1161840,2,8,1816218,3,20,4349820
2019-07-01,53,5,4,9,Benton County                 ,93,93,26015580,3,6,1013916,0,0,0,1,25,2509589,53,53,14594003,1,2,396895,0,0,0,0,0,0
2019-07-01,53,11,4,9,Clark County                  ,268,268,79166032,3,6,1137292,0,0,0,4,40,5370381,99,99,27851410,3,6,1137292,0,0,0,4,40,5370381
2019-07-01,53,21,4,9,Franklin County               ,61,61,17342295,0,0,0,0,0,0,0,0,0,17,17,5715477,0,0,0,0,0,0,0,0,0
2019-07-01,53,31,4,9,Jefferson County              ,22,22,6135875,0,0,0,0,0,0,0,0,0,22,22,6135875,0,0,0,0,0,0,0,0,0
2019-07-01,53,33,4,9,King County                   ,353,353,130727594,27,54,12306074,24,83,15445645,34,1114,132775699,277,277,96918356,27,54,12306074,23,80,15090104,31,889,113981791
2019-07-01,53,35,4,9,Kitsap County                 ,116,116,35998027,0,0,0,0,0,0,0,0,0,116,116,35998027,0,0,0,0,0,0,0,0,0
2019-07-01,53,53,4,9,Pierce County                 ,232,232,69272199,2,4,607912,6,24,3484742,5,105,12015198,228,228,68011960,1,2,304000,6,24,3484742,4,96,11187264
2019-07-01,53,55,4,9,San Juan County               ,13,13,2709974,0,0,0,0,0,0,0,0,0,0,0,0,0,0,0,0,0,0,0,0,0
2019-07-01,53,59,4,9,Skamania County               ,6,6,1661041,0,0,0,0,0,0,0,0,0,6,6,1661041,0,0,0,0,0,0,0,0,0
2019-07-01,53,61,4,9,Snohomish County              ,263,263,76842620,2,4,1017955,2,8,1117000,10,127,16108296,245,245,71734089,1,2,700484,2,8,1117000,8,93,12464318
2020-02-01,53,5,4,9,Benton County                 ,94,94,29477770,0,0,0,0,0,0,0,0,0,81,81,25025270,0,0,0,0,0,0,0,0,0
2020-02-01,53,11,4,9,Clark County                  ,289,289,81797185,1,2,327973,0,0,0,3,54,6224810,128,128,33092183,1,2,327973,0,0,0,3,54,6224810
2020-02-01,53,21,4,9,Franklin County               ,47,47,12671282,0,0,0,0,0,0,0,0,0,4,4,1308709,0,0,0,0,0,0,0,0,0
2020-02-01,53,31,4,9,Jefferson County              ,10,10,2657142,0,0,0,0,0,0,0,0,0,4,4,1125742,0,0,0,0,0,0,0,0,0
2020-02-01,53,33,4,9,King County                   ,244,244,96028756,12,24,4034365,19,62,15200210,28,605,68163768,192,192,73542618,12,24,4034365,18,59,14699698,26,582,65233631
2020-02-01,53,35,4,9,Kitsap County                 ,75,75,20817875,0,0,0,0,0,0,0,0,0,75,75,20817875,0,0,0,0,0,0,0,0,0
2020-02-01,53,53,4,9,Pierce County                 ,245,245,66064299,0,0,0,0,0,0,9,301,38497494,242,242,65084001,0,0,0,0,0,0,8,294,37853546
2020-02-01,53,55,4,9,San Juan County               ,9,9,1796817,0,0,0,0,0,0,0,0,0,2,2,337600,0,0,0,0,0,0,0,0,0
2020-02-01,53,59,4,9,Skamania County               ,11,11,2072781,0,0,0,0,0,0,0,0,0,11,11,2072781,0,0,0,0,0,0,0,0,0
2020-02-01,53,61,4,9,Snohomish County              ,198,198,62786598,7,14,2789841,2,8,1952239,8,74,10556013,156,156,49341709,6,12,2472370,2,8,1952239,6,48,7757038
2019-11-01,53,5,4,9,Benton County                 ,77,77,24081659,2,4,617021,1,3,503172,1,27,2710356,44,44,14654891,0,0,0,0,0,0,0,0,0
2019-11-01,53,11,4,9,Clark County                  ,227,227,66111223,0,0,0,1,3,533988,2,16,1689937,91,91,24979780,0,0,0,1,3,533988,2,16,1689937
2019-11-01,53,21,4,9,Franklin County               ,43,43,11883217,0,0,0,0,0,0,0,0,0,7,7,2370365,0,0,0,0,0,0,0,0,0
2019-11-01,53,31,4,9,Jefferson County              ,11,11,2749220,0,0,0,0,0,0,0,0,0,3,3,707354,0,0,0,0,0,0,0,0,0
2019-11-01,53,33,4,9,King County                   ,254,254,89961108,8,16,4179865,10,32,6404021,28,1860,292249050,193,193,62952879,8,16,4179865,10,32,6404021,25,1619,272143633
2019-11-01,53,35,4,9,Kitsap County                 ,60,60,16487691,0,0,0,0,0,0,0,0,0,60,60,16487691,0,0,0,0,0,0,0,0,0
2019-11-01,53,53,4,9,Pierce County                 ,172,172,51557927,0,0,0,0,0,0,8,193,13237913,168,168,50297688,0,0,0,0,0,0,7,184,12409979
2019-11-01,53,55,4,9,San Juan County               ,9,9,1876136,0,0,0,0,0,0,0,0,0,0,0,0,0,0,0,0,0,0,0,0,0
2019-11-01,53,59,4,9,Skamania County               ,1,1,144504,0,0,0,0,0,0,0,0,0,1,1,144504,0,0,0,0,0,0,0,0,0
2019-11-01,53,61,4,9,Snohomish County              ,193,193,48587339,0,0,0,2,6,1469385,3,77,6835814,177,177,43965154,0,0,0,2,6,1469385,1,40,2853396
2021-10-01,53,5,4,9,Benton County                                               ,101,101,32610437,3,6,916422,0,0,0,1,22,3283487,45,45,15465329,1,2,325299,0,0,0,0,0,0
2021-10-01,53,11,4,9,Clark County                                                ,264,264,74314231,1,2,199060,2,6,1048422,16,214,26655572,141,141,38359696,1,2,199060,0,0,0,11,130,15796580
2021-10-01,53,21,4,9,Franklin County                                             ,50,50,13657654,0,0,0,0,0,0,0,0,0,1,1,199576,0,0,0,0,0,0,0,0,0
2021-10-01,53,31,4,9,Jefferson County                                            ,20,20,4098290,0,0,0,0,0,0,0,0,0,9,9,1425283,0,0,0,0,0,0,0,0,0
2021-10-01,53,33,4,9,King County                                                 ,252,252,101135632,15,30,8292197,10,33,6436227,23,1719,233979771,159,159,62689019,15,30,8292197,10,33,6436227,20,1688,230928468
2021-10-01,53,35,4,9,Kitsap County                                               ,85,85,29402710,1,2,140534,0,0,0,11,200,19980091,85,85,29402710,1,2,140534,0,0,0,11,200,19980091
2021-10-01,53,53,4,9,Pierce County                                               ,259,259,77940730,7,14,2411367,1,4,737149,13,170,23323059,254,254,76519361,7,14,2411367,1,4,737149,12,155,20832995
2021-10-01,53,55,4,9,San Juan County                                             ,10,10,2667067,0,0,0,0,0,0,0,0,0,0,0,0,0,0,0,0,0,0,0,0,0
2021-10-01,53,59,4,9,Skamania County                                             ,4,4,1426345,0,0,0,0,0,0,0,0,0,4,4,1426345,0,0,0,0,0,0,0,0,0
2021-10-01,53,61,4,9,Snohomish County                                            ,156,156,46011083,2,4,849833,0,0,0,11,309,34626821,122,122,34228741,1,2,628527,0,0,0,4,60,6408060
2018-03-01,53,5,4,9,Benton County                 ,114,114,34521900,0,0,0,0,0,0,1,26,2448540,55,55,16160637,0,0,0,0,0,0,0,0,0
2018-03-01,53,11,4,9,Clark County                  ,266,266,72497451,1,2,77228,0,0,0,3,52,4249823,76,76,14875662,1,2,77228,0,0,0,1,24,1311728
2018-03-01,53,21,4,9,Franklin County               ,52,52,13616406,2,4,675589,0,0,0,0,0,0,8,8,2833043,0,0,0,0,0,0,0,0,0
2018-03-01,53,31,4,9,Jefferson County              ,13,13,2888925,0,0,0,0,0,0,0,0,0,13,13,2888925,0,0,0,0,0,0,0,0,0
2018-03-01,53,33,4,9,King County                   ,448,448,172717025,19,38,8766632,13,41,7100401,21,1886,263890681,341,341,127273158,18,36,8137132,13,41,7100401,17,1760,248768326
2018-03-01,53,35,4,9,Kitsap County                 ,91,91,28170565,1,2,279125,0,0,0,0,0,0,91,91,28170565,1,2,279125,0,0,0,0,0,0
2018-03-01,53,53,4,9,Pierce County                 ,255,255,75467200,3,6,1140092,6,24,3990152,2,21,2443843,250,250,73886281,3,6,1140092,6,24,3990152,2,21,2443843
2018-03-01,53,55,4,9,San Juan County               ,13,13,2907700,0,0,0,0,0,0,0,0,0,0,0,0,0,0,0,0,0,0,0,0,0
2018-03-01,53,59,4,9,Skamania County               ,2,2,476073,0,0,0,0,0,0,0,0,0,2,2,476073,0,0,0,0,0,0,0,0,0
2018-03-01,53,61,4,9,Snohomish County              ,174,174,51051221,6,12,2698763,1,3,538207,4,70,3433256,135,135,39971238,5,10,2253488,1,3,538207,3,65,2814748
2017-10-01,53,5,4,9,Benton County                 ,95,95,28823235,1,2,265501,1,3,406674,2,31,2840554,37,37,11781622,0,0,0,0,0,0,0,0,0
2017-10-01,53,11,4,9,Clark County                  ,220,220,63267103,2,4,378491,0,0,0,5,159,13196720,62,62,15246597,2,4,378491,0,0,0,2,133,10472325
2017-10-01,53,21,4,9,Franklin County               ,51,51,12525663,1,2,337795,0,0,0,0,0,0,5,5,868414,0,0,0,0,0,0,0,0,0
2017-10-01,53,31,4,9,Jefferson County              ,18,18,3170989,0,0,0,0,0,0,0,0,0,0,0,0,0,0,0,0,0,0,0,0,0
2017-10-01,53,33,4,9,King County                   ,299,299,111164296,15,30,6142821,12,41,8401944,30,1702,363171636,232,232,80620439,15,30,6142821,12,41,8401944,27,1603,350652233
2017-10-01,53,35,4,9,Kitsap County                 ,71,71,20998329,0,0,0,0,0,0,0,0,0,71,71,20998329,0,0,0,0,0,0,0,0,0
2017-10-01,53,53,4,9,Pierce County                 ,299,299,88906683,2,4,705114,0,0,0,4,161,26814003,294,294,87350433,1,2,401320,0,0,0,4,161,26814003
2017-10-01,53,55,4,9,San Juan County               ,12,12,2807303,0,0,0,0,0,0,0,0,0,0,0,0,0,0,0,0,0,0,0,0,0
2017-10-01,53,59,4,9,Skamania County               ,5,5,1085566,0,0,0,0,0,0,0,0,0,2,2,450000,0,0,0,0,0,0,0,0,0
2017-10-01,53,61,4,9,Snohomish County              ,244,244,67180751,9,18,4662707,0,0,0,1,9,893224,192,192,51916232,9,18,4662707,0,0,0,1,9,893224
2017-06-01,53,5,4,9,Benton County                 ,89,89,26939726,1,2,265501,0,0,0,1,28,2636889,30,30,8578463,0,0,0,0,0,0,0,0,0
2017-06-01,53,11,4,9,Clark County                  ,213,213,63445301,2,4,480515,0,0,0,3,55,4403882,23,23,5752089,2,4,480515,0,0,0,1,24,1155307
2017-06-01,53,21,4,9,Franklin County               ,56,56,14193287,2,4,675589,0,0,0,0,0,0,0,0,0,0,0,0,0,0,0,0,0,0
2017-06-01,53,31,4,9,Jefferson County              ,10,10,2031648,0,0,0,0,0,0,0,0,0,10,10,2031648,0,0,0,0,0,0,0,0,0
2017-06-01,53,33,4,9,King County                   ,456,456,167943437,15,30,5908678,7,21,4067586,20,1067,121870533,365,365,127155084,14,28,5279178,7,21,4067586,17,974,109920447
2017-06-01,53,35,4,9,Kitsap County                 ,108,108,32694966,0,0,0,1,3,433787,0,0,0,92,92,28906864,0,0,0,0,0,0,0,0,0
2017-06-01,53,53,4,9,Pierce County                 ,298,298,76283795,2,4,863844,2,8,1062989,3,150,39731326,295,295,75150485,2,4,863844,2,8,1062989,3,150,39731326
2017-06-01,53,55,4,9,San Juan County               ,13,13,3032303,0,0,0,0,0,0,0,0,0,1,1,225000,0,0,0,0,0,0,0,0,0
2017-06-01,53,59,4,9,Skamania County               ,6,6,1542422,0,0,0,0,0,0,0,0,0,2,2,695000,0,0,0,0,0,0,0,0,0
2017-06-01,53,61,4,9,Snohomish County              ,209,209,64334722,2,4,798261,1,3,397500,1,5,618508,183,183,57596710,1,2,352986,1,3,397500,0,0,0
2017-07-01,53,5,4,9,Benton County                 ,69,69,20384151,0,0,0,0,0,0,1,13,1224270,14,14,3261196,0,0,0,0,0,0,0,0,0
2017-07-01,53,11,4,9,Clark County                  ,190,190,54731666,0,0,0,0,0,0,5,79,5278330,32,32,7019242,0,0,0,0,0,0,3,60,3278389
2017-07-01,53,21,4,9,Franklin County               ,45,45,11339791,2,4,675589,0,0,0,0,0,0,1,1,172695,0,0,0,0,0,0,0,0,0
2017-07-01,53,31,4,9,Jefferson County              ,23,23,3874524,0,0,0,0,0,0,0,0,0,0,0,0,0,0,0,0,0,0,0,0,0
2017-07-01,53,33,4,9,King County                   ,395,395,134006644,13,26,5464002,12,43,9064665,23,623,157511827,355,355,115892123,13,26,5464002,12,43,9064665,22,593,154330487
2017-07-01,53,35,4,9,Kitsap County                 ,88,88,22912364,1,2,363086,0,0,0,0,0,0,88,88,22912364,1,2,363086,0,0,0,0,0,0
2017-07-01,53,53,4,9,Pierce County                 ,236,236,70532055,1,2,297070,0,0,0,24,328,36241277,233,233,69529237,1,2,297070,0,0,0,24,328,36241277
2017-07-01,53,55,4,9,San Juan County               ,9,9,1709912,0,0,0,0,0,0,0,0,0,9,9,1709912,0,0,0,0,0,0,0,0,0
2017-07-01,53,59,4,9,Skamania County               ,10,10,2445174,0,0,0,0,0,0,0,0,0,10,10,2445174,0,0,0,0,0,0,0,0,0
2017-07-01,53,61,4,9,Snohomish County              ,278,278,78488968,2,4,975620,0,0,0,5,133,14632588,212,212,59796358,2,4,975620,0,0,0,4,128,14014080
2017-11-01,53,5,4,9,Benton County                 ,73,73,21400678,1,2,265501,0,0,0,1,21,1977667,29,29,7710914,0,0,0,0,0,0,0,0,0
2017-11-01,53,11,4,9,Clark County                  ,224,224,60555579,0,0,0,1,4,502720,5,79,6741566,42,42,6643799,0,0,0,1,4,502720,3,56,4327651
2017-11-01,53,21,4,9,Franklin County               ,42,42,10634306,2,4,675589,0,0,0,0,0,0,0,0,0,0,0,0,0,0,0,0,0,0
2017-11-01,53,31,4,9,Jefferson County              ,12,12,2797254,0,0,0,0,0,0,0,0,0,12,12,2797254,0,0,0,0,0,0,0,0,0
2017-11-01,53,33,4,9,King County                   ,304,304,118865757,22,44,8814104,10,32,7406657,17,1961,287991099,240,240,90030547,21,42,8184604,9,29,6206657,14,1876,277229461
2017-11-01,53,35,4,9,Kitsap County                 ,55,55,17654973,0,0,0,0,0,0,0,0,0,55,55,17654973,0,0,0,0,0,0,0,0,0
2017-11-01,53,53,4,9,Pierce County                 ,202,202,59099624,1,2,508572,1,4,746242,3,102,6902623,181,181,52097956,1,2,508572,1,4,746242,3,102,6902623
2017-11-01,53,55,4,9,San Juan County               ,8,8,1871536,0,0,0,0,0,0,0,0,0,0,0,0,0,0,0,0,0,0,0,0,0
2017-11-01,53,59,4,9,Skamania County               ,7,7,1587798,0,0,0,0,0,0,0,0,0,7,7,1587798,0,0,0,0,0,0,0,0,0
2017-11-01,53,61,4,9,Snohomish County              ,171,171,48444893,4,8,2434332,1,3,469680,5,76,8430642,158,158,44260009,4,8,2434332,1,3,469680,5,76,8430642
2018-02-01,53,5,4,9,Benton County                 ,76,76,23773212,0,0,0,0,0,0,2,24,2194475,21,21,7593741,0,0,0,0,0,0,0,0,0
2018-02-01,53,11,4,9,Clark County                  ,211,211,61773545,4,8,616531,1,3,352317,2,21,2206928,53,53,13951515,4,8,616531,0,0,0,0,0,0
2018-02-01,53,21,4,9,Franklin County               ,43,43,11709076,2,4,675589,0,0,0,0,0,0,8,8,3131401,0,0,0,0,0,0,0,0,0
2018-02-01,53,31,4,9,Jefferson County              ,13,13,2283862,1,2,302414,0,0,0,0,0,0,6,6,1205833,0,0,0,0,0,0,0,0,0
2018-02-01,53,33,4,9,King County                   ,357,357,135424650,15,30,6819892,16,56,11895793,27,644,94768221,280,280,101896884,14,28,6190392,15,53,10695793,24,570,85419282
2018-02-01,53,35,4,9,Kitsap County                 ,86,86,24789398,0,0,0,0,0,0,1,107,26606369,86,86,24789398,0,0,0,0,0,0,1,107,26606369
2018-02-01,53,53,4,9,Pierce County                 ,198,198,60855736,4,8,1164667,1,4,664555,1,136,19932357,194,194,59508679,4,8,1164667,1,4,664555,1,136,19932357
2018-02-01,53,55,4,9,San Juan County               ,9,9,1770195,0,0,0,0,0,0,0,0,0,9,9,1770195,0,0,0,0,0,0,0,0,0
2018-02-01,53,59,4,9,Skamania County               ,2,2,999544,0,0,0,0,0,0,0,0,0,2,2,999544,0,0,0,0,0,0,0,0,0
2018-02-01,53,61,4,9,Snohomish County              ,164,164,44868744,3,6,1262944,0,0,0,3,37,4413622,127,127,34408268,3,6,1262944,0,0,0,3,37,4413622
2019-10-01,53,5,4,9,Benton County                 ,102,102,29980278,4,8,1398524,0,0,0,2,36,3878304,70,70,21223885,2,4,683569,0,0,0,1,5,766414
2019-10-01,53,11,4,9,Clark County                  ,275,275,80630038,0,0,0,0,0,0,4,123,12129299,112,112,31101162,0,0,0,0,0,0,4,123,12129299
2019-10-01,53,21,4,9,Franklin County               ,49,49,13440888,0,0,0,0,0,0,0,0,0,6,6,2078315,0,0,0,0,0,0,0,0,0
2019-10-01,53,31,4,9,Jefferson County              ,12,12,3215252,0,0,0,0,0,0,0,0,0,2,2,662919,0,0,0,0,0,0,0,0,0
2019-10-01,53,33,4,9,King County                   ,290,290,114676180,29,58,13151828,18,61,11772166,32,904,155445669,210,210,78729529,29,58,13151828,16,55,10042377,29,626,132228710
2019-10-01,53,35,4,9,Kitsap County                 ,70,70,21621312,1,2,394632,0,0,0,3,18,793680,70,70,21621312,1,2,394632,0,0,0,3,18,793680
2019-10-01,53,53,4,9,Pierce County                 ,263,263,77709177,1,2,303862,0,0,0,3,39,4002665,260,260,76728879,1,2,303862,0,0,0,2,28,2990746
2019-10-01,53,55,4,9,San Juan County               ,12,12,2993055,0,0,0,0,0,0,0,0,0,1,1,700000,0,0,0,0,0,0,0,0,0
2019-10-01,53,59,4,9,Skamania County               ,2,2,374991,2,4,350000,0,0,0,0,0,0,2,2,374991,2,4,350000,0,0,0,0,0,0
2019-10-01,53,61,4,9,Snohomish County              ,234,234,72295791,1,2,520582,4,12,2310838,6,85,9096200,216,216,67130194,1,2,520582,4,12,2310838,4,43,4588050
2020-03-01,53,5,4,9,Benton County                 ,91,91,27674414,4,8,1470358,0,0,0,1,24,2409205,59,59,18918021,2,4,755403,0,0,0,0,0,0
2020-03-01,53,11,4,9,Clark County                  ,269,269,79152268,0,0,0,0,0,0,8,210,25564209,257,257,76194384,0,0,0,0,0,0,8,210,25564209
2020-03-01,53,21,4,9,Franklin County               ,46,46,12471586,0,0,0,0,0,0,0,0,0,4,4,1373259,0,0,0,0,0,0,0,0,0
2020-03-01,53,31,4,9,Jefferson County              ,10,10,2325642,0,0,0,0,0,0,0,0,0,2,2,283776,0,0,0,0,0,0,0,0,0
2020-03-01,53,33,4,9,King County                   ,297,297,121226390,21,42,12446525,22,73,15330368,20,591,56941489,227,227,93877039,21,42,12446525,21,70,14800837,18,560,52890377
2020-03-01,53,35,4,9,Kitsap County                 ,67,67,21395704,0,0,0,0,0,0,1,5,251599,56,56,18720053,0,0,0,0,0,0,0,0,0
2020-03-01,53,53,4,9,Pierce County                 ,256,256,72015424,3,6,1507042,0,0,0,0,0,0,256,256,72015424,3,6,1507042,0,0,0,0,0,0
2020-03-01,53,55,4,9,San Juan County               ,13,13,2772886,0,0,0,0,0,0,0,0,0,13,13,2772886,0,0,0,0,0,0,0,0,0
2020-03-01,53,59,4,9,Skamania County               ,8,8,1841226,0,0,0,0,0,0,0,0,0,8,8,1841226,0,0,0,0,0,0,0,0,0
2020-03-01,53,61,4,9,Snohomish County              ,222,222,68913023,5,10,2567177,2,8,1891292,7,392,50919787,200,200,60419335,5,10,2567177,2,8,1891292,6,366,47986641
2019-06-01,53,5,4,9,Benton County                 ,95,95,25195777,0,0,0,0,0,0,0,0,0,60,60,13992719,0,0,0,0,0,0,0,0,0
2019-06-01,53,11,4,9,Clark County                  ,256,256,73615254,4,8,1478804,0,0,0,7,246,25196368,93,93,24123081,4,8,1478804,0,0,0,7,246,25196368
2019-06-01,53,21,4,9,Franklin County               ,51,51,14498831,0,0,0,0,0,0,0,0,0,8,8,3136258,0,0,0,0,0,0,0,0,0
2019-06-01,53,31,4,9,Jefferson County              ,16,16,3755563,0,0,0,0,0,0,0,0,0,6,6,1203230,0,0,0,0,0,0,0,0,0
2019-06-01,53,33,4,9,King County                   ,308,308,130026427,18,36,7503499,7,23,4911903,13,626,75188581,208,208,83934693,17,34,6753499,6,20,4556362,10,410,58033143
2019-06-01,53,35,4,9,Kitsap County                 ,76,76,22602338,3,6,1527723,0,0,0,0,0,0,76,76,22602338,3,6,1527723,0,0,0,0,0,0
2019-06-01,53,53,4,9,Pierce County                 ,257,257,74785692,7,14,2532626,0,0,0,2,33,3624750,254,254,73805394,7,14,2532626,0,0,0,1,24,2796816
2019-06-01,53,55,4,9,San Juan County               ,18,18,3052709,8,16,1876900,0,0,0,0,0,0,6,6,551194,8,16,1876900,0,0,0,0,0,0
2019-06-01,53,59,4,9,Skamania County               ,9,9,2507759,0,0,0,0,0,0,0,0,0,9,9,2507759,0,0,0,0,0,0,0,0,0
2019-06-01,53,61,4,9,Snohomish County              ,279,279,86050995,0,0,0,0,0,0,12,230,28873113,262,262,81151489,0,0,0,0,0,0,10,197,25322781
2021-07-01,53,5,4,9,Benton County                                               ,111,111,33535162,0,0,0,0,0,0,2,26,3446737,33,33,10142506,0,0,0,0,0,0,0,0,0
2021-07-01,53,11,4,9,Clark County                                                ,328,328,93296545,1,2,478420,8,30,3371152,4,79,10212623,208,208,57579567,0,0,0,6,24,2322730,0,0,0
2021-07-01,53,21,4,9,Franklin County                                             ,54,54,14734880,0,0,0,0,0,0,0,0,0,0,0,0,0,0,0,0,0,0,0,0,0
2021-07-01,53,31,4,9,Jefferson County                                            ,21,21,4841519,0,0,0,0,0,0,0,0,0,5,5,953509,0,0,0,0,0,0,0,0,0
2021-07-01,53,33,4,9,King County                                                 ,336,336,126863147,23,46,8661797,16,53,9588640,18,1098,152029485,194,194,70900922,22,44,8037297,15,50,9088128,13,1042,145468206
2021-07-01,53,35,4,9,Kitsap County                                               ,117,117,37235441,0,0,0,0,0,0,18,398,41837889,117,117,37235441,0,0,0,0,0,0,18,398,41837889
2021-07-01,53,53,4,9,Pierce County                                               ,181,181,56430973,1,2,290000,0,0,0,4,44,6121623,176,176,55009604,1,2,290000,0,0,0,3,29,3631559
2021-07-01,53,55,4,9,San Juan County                                             ,15,15,3986496,0,0,0,0,0,0,0,0,0,0,0,0,0,0,0,0,0,0,0,0,0
2021-07-01,53,59,4,9,Skamania County                                             ,6,6,1692709,0,0,0,0,0,0,0,0,0,6,6,1692709,0,0,0,0,0,0,0,0,0
2021-07-01,53,61,4,9,Snohomish County                                            ,179,179,52312752,2,4,1340103,3,10,2872001,8,149,16831906,149,149,43341640,2,4,1340103,3,10,2872001,4,60,6600000
2017-08-01,53,5,4,9,Benton County                 ,86,86,24520587,0,0,0,0,0,0,2,75,7073984,33,33,8022223,0,0,0,0,0,0,1,48,4531269
2017-08-01,53,11,4,9,Clark County                  ,241,241,68255643,0,0,0,0,0,0,3,59,4192499,69,69,15974269,0,0,0,0,0,0,1,30,1150911
2017-08-01,53,21,4,9,Franklin County               ,51,51,12925268,3,6,1013384,0,0,0,0,0,0,0,0,0,0,0,0,0,0,0,0,0,0
2017-08-01,53,31,4,9,Jefferson County              ,19,19,4255320,0,0,0,0,0,0,0,0,0,19,19,4255320,0,0,0,0,0,0,0,0,0
2017-08-01,53,33,4,9,King County                   ,384,384,146395352,13,26,5698265,9,30,5708220,19,1491,223561978,280,280,103418305,13,26,5698265,9,30,5708220,15,1353,207023779
2017-08-01,53,35,4,9,Kitsap County                 ,78,78,20855329,0,0,0,0,0,0,2,76,3994180,78,78,20855329,0,0,0,0,0,0,2,76,3994180
2017-08-01,53,53,4,9,Pierce County                 ,277,277,85782585,5,10,984532,2,8,1684997,2,271,41919210,255,255,78531879,5,10,984532,2,8,1684997,2,271,41919210
2017-08-01,53,55,4,9,San Juan County               ,16,16,3575187,0,0,0,0,0,0,0,0,0,2,2,300000,0,0,0,0,0,0,0,0,0
2017-08-01,53,59,4,9,Skamania County               ,11,11,2334188,0,0,0,0,0,0,0,0,0,11,11,2334188,0,0,0,0,0,0,0,0,0
2017-08-01,53,61,4,9,Snohomish County              ,260,260,71218424,5,10,2477880,1,3,320000,8,161,17295848,239,239,65860683,4,8,2032605,1,3,320000,7,156,16677340
2019-09-01,53,5,4,9,Benton County                 ,73,73,20864697,0,0,0,0,0,0,0,0,0,68,68,19099773,0,0,0,0,0,0,0,0,0
2019-09-01,53,11,4,9,Clark County                  ,254,254,71487375,0,0,0,1,4,479430,4,82,7800176,121,121,31218126,0,0,0,1,4,479430,4,82,7800176
2019-09-01,53,21,4,9,Franklin County               ,41,41,11554712,0,0,0,0,0,0,0,0,0,5,5,2041860,0,0,0,0,0,0,0,0,0
2019-09-01,53,31,4,9,Jefferson County              ,18,18,4645470,0,0,0,0,0,0,0,0,0,18,18,4645470,0,0,0,0,0,0,0,0,0
2019-09-01,53,33,4,9,King County                   ,310,310,121142329,17,34,7837355,10,35,6588331,21,1461,201882204,250,250,94133184,17,34,7837355,9,32,6087819,18,1192,179461882
2019-09-01,53,35,4,9,Kitsap County                 ,80,80,24497787,0,0,0,0,0,0,2,30,5615869,80,80,24497787,0,0,0,0,0,0,2,30,5615869
2019-09-01,53,53,4,9,Pierce County                 ,214,214,65873201,0,0,0,4,14,2167672,7,361,46011091,213,213,65536088,0,0,0,4,14,2167672,7,361,46011091
2019-09-01,53,55,4,9,San Juan County               ,16,16,2546595,0,0,0,0,0,0,0,0,0,6,6,462000,0,0,0,0,0,0,0,0,0
2019-09-01,53,59,4,9,Skamania County               ,5,5,1101578,0,0,0,0,0,0,0,0,0,5,5,1101578,0,0,0,0,0,0,0,0,0
2019-09-01,53,61,4,9,Snohomish County              ,182,182,58101556,1,2,201344,2,7,1511668,3,31,4218621,172,172,55954232,1,2,201344,2,7,1511668,2,20,3188516
2021-08-01,53,5,4,9,Benton County                                               ,109,109,33038073,4,8,1165612,5,19,2100955,1,21,3134237,44,44,13131566,2,4,574489,5,19,2100955,0,0,0
2021-08-01,53,11,4,9,Clark County                                                ,347,347,93453141,1,2,478420,16,62,5960431,5,281,342497618,218,218,55018268,0,0,0,14,56,4912009,1,198,331767900
2021-08-01,53,21,4,9,Franklin County                                             ,58,58,15874499,0,0,0,0,0,0,0,0,0,0,0,0,0,0,0,0,0,0,0,0,0
2021-08-01,53,31,4,9,Jefferson County                                            ,22,22,4683987,0,0,0,0,0,0,0,0,0,6,6,795977,0,0,0,0,0,0,0,0,0
2021-08-01,53,33,4,9,King County                                                 ,327,327,123929293,39,78,14214063,21,71,18627729,16,2005,196263015,214,214,80253027,39,78,14214063,21,71,18627729,14,1979,193812725
2021-08-01,53,35,4,9,Kitsap County                                               ,102,102,32491967,0,0,0,1,4,1059864,11,232,26707547,102,102,32491967,0,0,0,1,4,1059864,11,232,26707547
2021-08-01,53,53,4,9,Pierce County                                               ,232,232,69495463,1,2,524950,0,0,0,10,788,101353132,228,228,68425140,1,2,524950,0,0,0,10,788,101353132
2021-08-01,53,55,4,9,San Juan County                                             ,13,13,3503863,0,0,0,0,0,0,0,0,0,0,0,0,0,0,0,0,0,0,0,0,0
2021-08-01,53,59,4,9,Skamania County                                             ,10,10,2678233,0,0,0,0,0,0,0,0,0,10,10,2678233,0,0,0,0,0,0,0,0,0
2021-08-01,53,61,4,9,Snohomish County                                            ,213,213,62484366,2,4,1175650,1,3,625500,6,232,25800082,178,178,51539883,2,4,1175650,1,3,625500,1,5,971842
2017-04-01,53,5,4,9,Benton County                 ,80,80,23692435,1,2,265501,0,0,0,1,24,2260191,32,32,8760739,0,0,0,0,0,0,0,0,0
2017-04-01,53,11,4,9,Clark County                  ,207,207,61334510,3,6,247704,0,0,0,10,185,13127520,53,53,14557961,3,6,247704,0,0,0,8,162,10713605
2017-04-01,53,21,4,9,Franklin County               ,45,45,11412173,1,2,337795,0,0,0,0,0,0,0,0,0,0,0,0,0,0,0,0,0,0
2017-04-01,53,31,4,9,Jefferson County              ,19,19,3455480,0,0,0,0,0,0,0,0,0,2,2,460657,0,0,0,0,0,0,0,0,0
2017-04-01,53,33,4,9,King County                   ,389,389,151396797,15,30,5243305,13,45,6779309,20,1114,158093568,348,348,132762009,15,30,5243305,13,45,6779309,18,1049,150527365
2017-04-01,53,35,4,9,Kitsap County                 ,91,91,25481176,0,0,0,0,0,0,3,41,4299620,91,91,25481176,0,0,0,0,0,0,3,41,4299620
2017-04-01,53,53,4,9,Pierce County                 ,283,283,84536113,2,4,574280,0,0,0,7,227,12386592,278,278,82784460,2,4,574280,0,0,0,7,227,12386592
2017-04-01,53,55,4,9,San Juan County               ,14,14,3008361,0,0,0,1,3,500000,0,0,0,3,3,435000,0,0,0,1,3,500000,0,0,0
2017-04-01,53,59,4,9,Skamania County               ,2,2,559372,0,0,0,0,0,0,0,0,0,2,2,559372,0,0,0,0,0,0,0,0,0
2017-04-01,53,61,4,9,Snohomish County              ,156,156,44413468,1,2,594051,0,0,0,1,5,618508,123,123,34979203,1,2,594051,0,0,0,0,0,0
2017-12-01,53,5,4,9,Benton County                 ,64,64,19497051,0,0,0,1,3,406674,1,21,1977667,17,17,4861586,0,0,0,0,0,0,0,0,0
2017-12-01,53,11,4,9,Clark County                  ,225,225,60824906,0,0,0,1,3,352317,9,174,13258666,44,44,6962393,0,0,0,0,0,0,7,151,10844751
2017-12-01,53,21,4,9,Franklin County               ,46,46,11485027,2,4,675589,0,0,0,0,0,0,2,2,317931,0,0,0,0,0,0,0,0,0
2017-12-01,53,31,4,9,Jefferson County              ,13,13,2156998,0,0,0,0,0,0,0,0,0,4,4,571503,0,0,0,0,0,0,0,0,0
2017-12-01,53,33,4,9,King County                   ,345,345,130506519,12,24,6148737,18,62,13728540,20,1105,140170795,279,279,104397476,11,22,5775146,18,62,13728540,17,1025,131317059
2017-12-01,53,35,4,9,Kitsap County                 ,74,74,22629873,0,0,0,0,0,0,0,0,0,74,74,22629873,0,0,0,0,0,0,0,0,0
2017-12-01,53,53,4,9,Pierce County                 ,231,231,72028765,0,0,0,0,0,0,4,51,7656993,231,231,72028765,0,0,0,0,0,0,4,51,7656993
2017-12-01,53,55,4,9,San Juan County               ,6,6,1403652,0,0,0,0,0,0,0,0,0,0,0,0,0,0,0,0,0,0,0,0,0
2017-12-01,53,59,4,9,Skamania County               ,3,3,635566,0,0,0,0,0,0,0,0,0,0,0,0,0,0,0,0,0,0,0,0,0
2017-12-01,53,61,4,9,Snohomish County              ,193,193,53421745,4,8,1498514,1,4,713159,4,144,13912605,127,127,34649378,4,8,1498514,1,4,713159,3,139,13294097
2018-01-01,53,5,4,9,Benton County                 ,60,60,19047784,2,4,650501,0,0,0,1,19,1789318,34,34,10604685,1,2,385000,0,0,0,0,0,0
2018-01-01,53,11,4,9,Clark County                  ,203,203,55673544,0,0,0,0,0,0,3,45,3877419,49,49,8913616,0,0,0,0,0,0,1,24,1670491
2018-01-01,53,21,4,9,Franklin County               ,46,46,11573987,1,2,337795,0,0,0,0,0,0,1,1,161814,0,0,0,0,0,0,0,0,0
2018-01-01,53,31,4,9,Jefferson County              ,13,13,2760950,0,0,0,0,0,0,0,0,0,13,13,2760950,0,0,0,0,0,0,0,0,0
2018-01-01,53,33,4,9,King County                   ,369,369,143519408,17,34,7237529,6,22,3592610,12,335,36824174,276,276,104349725,16,32,6608029,6,22,3592610,8,243,25787500
2018-01-01,53,35,4,9,Kitsap County                 ,69,69,21881793,3,6,819720,0,0,0,0,0,0,69,69,21881793,3,6,819720,0,0,0,0,0,0
2018-01-01,53,53,4,9,Pierce County                 ,228,228,64470899,2,4,732663,2,7,1232298,7,258,29651281,228,228,64470899,2,4,732663,2,7,1232298,7,258,29651281
2018-01-01,53,55,4,9,San Juan County               ,7,7,1637594,1,2,216000,0,0,0,0,0,0,0,0,0,1,2,216000,0,0,0,0,0,0
2018-01-01,53,59,4,9,Skamania County               ,1,1,19692,0,0,0,0,0,0,0,0,0,1,1,19692,0,0,0,0,0,0,0,0,0
2018-01-01,53,61,4,9,Snohomish County              ,213,213,60594079,3,6,1314924,0,0,0,1,6,884602,212,212,60327988,3,6,1314924,0,0,0,1,6,884602
2019-05-01,53,5,4,9,Benton County                 ,106,106,32359805,0,0,0,0,0,0,1,9,886644,48,48,14393939,0,0,0,0,0,0,0,0,0
2019-05-01,53,11,4,9,Clark County                  ,216,216,68902664,8,16,3866369,0,0,0,14,259,20197052,76,76,21889457,8,16,3866369,0,0,0,12,238,18074774
2019-05-01,53,21,4,9,Franklin County               ,56,56,15520748,2,4,347280,0,0,0,0,0,0,10,10,3788431,0,0,0,0,0,0,0,0,0
2019-05-01,53,31,4,9,Jefferson County              ,23,23,4887550,0,0,0,0,0,0,0,0,0,11,11,2025454,0,0,0,0,0,0,0,0,0
2019-05-01,53,33,4,9,King County                   ,395,395,160539749,23,46,11514115,23,84,14947044,29,978,131775209,299,299,117109515,23,46,11514115,23,84,14947044,27,939,127791106
2019-05-01,53,35,4,9,Kitsap County                 ,79,79,25725789,0,0,0,0,0,0,0,0,0,68,68,22991162,0,0,0,0,0,0,0,0,0
2019-05-01,53,53,4,9,Pierce County                 ,221,221,68653425,4,8,1776357,0,0,0,2,46,5498112,221,221,68653425,4,8,1776357,0,0,0,2,46,5498112
2019-05-01,53,55,4,9,San Juan County               ,14,14,2664867,0,0,0,0,0,0,0,0,0,4,4,420000,0,0,0,0,0,0,0,0,0
2019-05-01,53,59,4,9,Skamania County               ,8,8,1654280,0,0,0,0,0,0,0,0,0,8,8,1654280,0,0,0,0,0,0,0,0,0
2019-05-01,53,61,4,9,Snohomish County              ,214,214,59699380,1,2,351799,1,4,87000,14,334,44895217,171,171,47927631,0,0,0,1,4,87000,13,329,44307279
2021-04-01,53,5,4,9,Benton County                 ,109,109,34827987,0,0,0,0,0,0,1,19,2835739,23,23,8227456,0,0,0,0,0,0,0,0,0
2021-04-01,53,11,4,9,Clark County                  ,299,299,86063701,1,2,273776,2,7,1264811,11,473,63822700,140,140,39529904,0,0,0,0,0,0,8,401,54514993
2021-04-01,53,21,4,9,Franklin County               ,64,64,17524838,0,0,0,0,0,0,0,0,0,0,0,0,0,0,0,0,0,0,0,0,0
2021-04-01,53,31,4,9,Jefferson County              ,21,21,5032524,0,0,0,0,0,0,0,0,0,1,1,172511,0,0,0,0,0,0,0,0,0
2021-04-01,53,33,4,9,King County                   ,276,276,105267088,26,52,14844117,20,67,11733019,18,577,55292342,216,216,80876241,26,52,14844117,19,64,11232507,17,571,54700904
2021-04-01,53,35,4,9,Kitsap County                 ,91,91,28959892,0,0,0,0,0,0,1,8,1031000,91,91,28959892,0,0,0,0,0,0,1,8,1031000
2021-04-01,53,53,4,9,Pierce County                 ,267,267,80378220,10,20,2378957,0,0,0,2,70,10837229,262,262,78956851,10,20,2378957,0,0,0,1,57,8679174
2021-04-01,53,55,4,9,San Juan County               ,16,16,4312447,0,0,0,0,0,0,0,0,0,0,0,0,0,0,0,0,0,0,0,0,0
2021-04-01,53,59,4,9,Skamania County               ,6,6,1692794,0,0,0,0,0,0,0,0,0,6,6,1692794,0,0,0,0,0,0,0,0,0
2021-04-01,53,61,4,9,Snohomish County              ,212,212,63068456,9,18,4244929,3,12,2981541,7,185,19758574,177,177,52119118,9,18,4244929,3,12,2981541,3,46,5227467
2021-05-01,53,5,4,9,Benton County                                               ,98,98,31773991,0,0,0,0,0,0,1,16,2387990,45,45,15607090,0,0,0,0,0,0,0,0,0
2021-05-01,53,11,4,9,Clark County                                                ,305,305,86595959,12,24,4220565,3,12,1704076,6,231,26449553,181,181,49698847,11,22,3742145,2,8,1005128,3,172,18822404
2021-05-01,53,21,4,9,Franklin County                                             ,56,56,15243693,0,0,0,0,0,0,0,0,0,1,1,253452,0,0,0,0,0,0,0,0,0
2021-05-01,53,31,4,9,Jefferson County                                            ,18,18,4161011,0,0,0,0,0,0,0,0,0,1,1,30000,0,0,0,0,0,0,0,0,0
2021-05-01,53,33,4,9,King County                                                 ,251,251,101916134,34,68,17511483,20,70,13537782,13,721,153260488,162,162,68131165,34,68,17511483,20,70,13537782,9,687,148918934
2021-05-01,53,35,4,9,Kitsap County                                               ,78,78,23220324,8,16,3735161,0,0,0,5,103,12557482,78,78,23220324,8,16,3735161,0,0,0,5,103,12557482
2021-05-01,53,53,4,9,Pierce County                                               ,200,200,63836515,5,10,1707193,0,0,0,12,229,19989468,196,196,62766192,5,10,1707193,0,0,0,12,229,19989468
2021-05-01,53,55,4,9,San Juan County                                             ,17,17,4525552,0,0,0,0,0,0,0,0,0,0,0,0,0,0,0,0,0,0,0,0,0
2021-05-01,53,59,4,9,Skamania County                                             ,6,6,1966441,0,0,0,0,0,0,0,0,0,6,6,1966441,0,0,0,0,0,0,0,0,0
2021-05-01,53,61,4,9,Snohomish County                                            ,185,185,56153528,4,8,2371980,2,7,1459628,11,328,32975028,149,149,43915830,4,8,2371980,2,7,1459628,6,196,18417362
2019-04-01,53,5,4,9,Benton County                 ,101,101,30926038,0,0,0,0,0,0,9,276,32410740,92,92,27984628,0,0,0,0,0,0,9,276,32410740
2019-04-01,53,11,4,9,Clark County                  ,233,233,71532541,4,8,1487533,0,0,0,5,56,6004827,211,211,65644356,4,8,1487533,0,0,0,4,48,5133899
2019-04-01,53,21,4,9,Franklin County               ,56,56,16066233,3,6,520919,0,0,0,0,0,0,12,12,4844017,0,0,0,0,0,0,0,0,0
2019-04-01,53,31,4,9,Jefferson County              ,10,10,1918236,0,0,0,0,0,0,0,0,0,10,10,1918236,0,0,0,0,0,0,0,0,0
2019-04-01,53,33,4,9,King County                   ,363,363,142970223,21,42,8493320,20,67,13415489,27,1982,255385626,283,283,107559339,21,42,8493320,20,67,13415489,26,1970,253870086
2019-04-01,53,35,4,9,Kitsap County                 ,73,73,24572956,0,0,0,0,0,0,0,0,0,63,63,22086932,0,0,0,0,0,0,0,0,0
2019-04-01,53,53,4,9,Pierce County                 ,221,221,68321610,1,2,375602,0,0,0,1,8,1708835,219,219,67651228,1,2,375602,0,0,0,1,8,1708835
2019-04-01,53,55,4,9,San Juan County               ,9,9,2720000,1,2,150000,0,0,0,0,0,0,9,9,2720000,1,2,150000,0,0,0,0,0,0
2019-04-01,53,59,4,9,Skamania County               ,4,4,1012388,0,0,0,1,3,300000,0,0,0,4,4,1012388,0,0,0,1,3,300000,0,0,0
2019-04-01,53,61,4,9,Snohomish County              ,207,207,56951419,8,16,3435456,6,23,2611706,2,105,8352815,163,163,45229980,6,12,2731858,6,23,2611706,2,105,8352815
2020-01-01,53,5,4,9,Benton County                 ,87,87,24941049,2,4,744101,0,0,0,1,20,2007671,52,52,14967007,1,2,386623,0,0,0,0,0,0
2020-01-01,53,11,4,9,Clark County                  ,267,267,76734869,3,6,840986,1,3,741518,4,301,48960131,116,116,30838847,3,6,840986,1,3,741518,4,301,48960131
2020-01-01,53,21,4,9,Franklin County               ,45,45,12368027,0,0,0,0,0,0,0,0,0,6,6,2062438,0,0,0,0,0,0,0,0,0
2020-01-01,53,31,4,9,Jefferson County              ,11,11,2798720,0,0,0,0,0,0,0,0,0,11,11,2798720,0,0,0,0,0,0,0,0,0
2020-01-01,53,33,4,9,King County                   ,266,266,106879079,20,40,9288310,10,38,7818135,20,546,76683189,242,242,95627319,20,40,9288310,9,34,6911750,19,525,73740631
2020-01-01,53,35,4,9,Kitsap County                 ,66,66,21638084,1,2,265110,0,0,0,0,0,0,66,66,21638084,1,2,265110,0,0,0,0,0,0
2020-01-01,53,53,4,9,Pierce County                 ,231,231,71247968,3,6,945875,0,0,0,3,45,5571398,229,229,70604783,3,6,945875,0,0,0,2,36,4743464
2020-01-01,53,55,4,9,San Juan County               ,10,10,2176817,0,0,0,0,0,0,0,0,0,3,3,717600,0,0,0,0,0,0,0,0,0
2020-01-01,53,59,4,9,Skamania County               ,6,6,1437463,0,0,0,0,0,0,0,0,0,2,2,600000,0,0,0,0,0,0,0,0,0
2020-01-01,53,61,4,9,Snohomish County              ,187,187,60973226,7,14,2950204,2,8,1827018,3,40,4945277,170,170,56142015,6,12,2632733,2,8,1827018,1,5,1207653
2019-12-01,53,5,4,9,Benton County                 ,103,103,28848134,3,6,1180343,2,8,880655,1,33,3312657,73,73,20639016,2,4,822865,2,8,880655,0,0,0
2019-12-01,53,11,4,9,Clark County                  ,244,244,70337796,1,2,334759,0,0,0,18,271,23924377,95,95,25094179,1,2,334759,0,0,0,18,271,23924377
2019-12-01,53,21,4,9,Franklin County               ,46,46,12503666,0,0,0,0,0,0,0,0,0,7,7,2198077,0,0,0,0,0,0,0,0,0
2019-12-01,53,31,4,9,Jefferson County              ,9,9,1930078,0,0,0,0,0,0,0,0,0,3,3,398678,0,0,0,0,0,0,0,0,0
2019-12-01,53,33,4,9,King County                   ,314,314,113771723,15,30,6707176,10,34,5353480,32,1608,216291613,272,272,95671814,15,30,6707176,10,34,5353480,31,1599,215406799
2019-12-01,53,35,4,9,Kitsap County                 ,78,78,22596257,0,0,0,1,4,950000,1,20,2300000,78,78,22596257,0,0,0,1,4,950000,1,20,2300000
2019-12-01,53,53,4,9,Pierce County                 ,251,251,70169546,2,4,450000,0,0,0,2,44,6717687,248,248,69189248,2,4,450000,0,0,0,1,32,5613775
2019-12-01,53,55,4,9,San Juan County               ,10,10,1925957,1,2,350900,0,0,0,0,0,0,4,4,675200,1,2,350900,0,0,0,0,0,0
2019-12-01,53,59,4,9,Skamania County               ,2,2,476594,0,0,0,0,0,0,0,0,0,2,2,476594,0,0,0,0,0,0,0,0,0
2019-12-01,53,61,4,9,Snohomish County              ,214,214,63228373,6,12,2450187,1,4,889289,15,171,19836878,203,203,60872023,5,10,2132716,1,4,889289,14,157,18525835
2017-05-01,53,5,4,9,Benton County                 ,87,87,25612011,0,0,0,1,3,406674,1,15,1412619,33,33,8788913,0,0,0,0,0,0,0,0,0
2017-05-01,53,11,4,9,Clark County                  ,243,243,69401865,4,8,1100188,0,0,0,7,284,12812488,66,66,15768137,4,8,1100188,0,0,0,5,264,10709053
2017-05-01,53,21,4,9,Franklin County               ,54,54,13506034,2,4,675589,0,0,0,0,0,0,2,2,293053,0,0,0,0,0,0,0,0,0
2017-05-01,53,31,4,9,Jefferson County              ,28,28,4742428,0,0,0,0,0,0,0,0,0,10,10,1571439,0,0,0,0,0,0,0,0,0
2017-05-01,53,33,4,9,King County                   ,431,431,165636790,15,30,6511579,6,20,3820989,11,722,91452322,392,392,146895800,15,30,6511579,6,20,3820989,10,689,87952848
2017-05-01,53,35,4,9,Kitsap County                 ,75,75,22233609,1,2,316175,1,3,552064,0,0,0,75,75,22233609,1,2,316175,1,3,552064,0,0,0
2017-05-01,53,53,4,9,Pierce County                 ,327,327,101822545,3,6,1151101,0,0,0,7,67,7250590,323,323,100415131,3,6,1151101,0,0,0,7,67,7250590
2017-05-01,53,55,4,9,San Juan County               ,14,14,2165756,0,0,0,0,0,0,0,0,0,14,14,2165756,0,0,0,0,0,0,0,0,0
2017-05-01,53,59,4,9,Skamania County               ,2,2,672752,0,0,0,0,0,0,0,0,0,2,2,672752,0,0,0,0,0,0,0,0,0
2017-05-01,53,61,4,9,Snohomish County              ,258,258,70909480,2,4,841349,0,0,0,2,25,6084040,221,221,60404656,2,4,841349,0,0,0,1,20,5465532
2021-09-01,53,5,4,9,Benton County                                               ,95,95,29102503,0,0,0,14,56,7000000,0,0,0,78,78,24414969,0,0,0,14,56,7000000,0,0,0
2021-09-01,53,11,4,9,Clark County                                                ,255,255,72062217,8,16,984093,2,7,1264811,11,332,33006947,126,126,34316670,8,16,984093,0,0,0,8,268,24733429
2021-09-01,53,21,4,9,Franklin County                                             ,50,50,13595261,0,0,0,0,0,0,0,0,0,0,0,0,0,0,0,0,0,0,0,0,0
2021-09-01,53,31,4,9,Jefferson County                                            ,20,20,4757411,0,0,0,0,0,0,1,43,4216560,4,4,869401,0,0,0,0,0,0,1,43,4216560
2021-09-01,53,33,4,9,King County                                                 ,277,277,107321595,15,30,7917024,24,82,16771983,13,462,62762119,178,178,68717547,15,30,7917024,24,82,16771983,11,442,60879560
2021-09-01,53,35,4,9,Kitsap County                                               ,82,82,27189204,2,4,857064,2,6,749110,4,45,4364034,82,82,27189204,2,4,857064,2,6,749110,4,45,4364034
2021-09-01,53,53,4,9,Pierce County                                               ,225,225,68339465,6,12,984770,3,10,1292676,7,164,21366060,219,219,66456596,6,12,984770,3,10,1292676,6,152,19374009
2021-09-01,53,55,4,9,San Juan County                                             ,14,14,3745179,0,0,0,0,0,0,0,0,0,0,0,0,0,0,0,0,0,0,0,0,0
2021-09-01,53,59,4,9,Skamania County                                             ,4,4,893698,0,0,0,0,0,0,0,0,0,4,4,893698,0,0,0,0,0,0,0,0,0
2021-09-01,53,61,4,9,Snohomish County                                            ,169,169,48789468,7,14,3806509,0,0,0,10,153,17387280,142,142,40836021,7,14,3806509,0,0,0,6,114,12600664
2019-08-01,53,5,4,9,Benton County                 ,115,115,32338611,1,2,241985,0,0,0,0,0,0,115,115,32338611,1,2,241985,0,0,0,0,0,0
2019-08-01,53,11,4,9,Clark County                  ,284,284,81704439,0,0,0,0,0,0,7,253,27822585,125,125,33443671,0,0,0,0,0,0,7,253,27822585
2019-08-01,53,21,4,9,Franklin County               ,48,48,12734448,0,0,0,0,0,0,0,0,0,6,6,1636121,0,0,0,0,0,0,0,0,0
2019-08-01,53,31,4,9,Jefferson County              ,15,15,3713950,0,0,0,0,0,0,0,0,0,4,4,906384,0,0,0,0,0,0,0,0,0
2019-08-01,53,33,4,9,King County                   ,332,332,133840311,16,32,7261202,17,59,11760968,37,830,86676645,260,260,101739154,16,32,7261202,17,59,11760968,34,621,69192725
2019-08-01,53,35,4,9,Kitsap County                 ,84,84,25486251,1,2,400878,0,0,0,1,56,3360056,84,84,25486251,1,2,400878,0,0,0,1,56,3360056
2019-08-01,53,53,4,9,Pierce County                 ,228,228,66982130,0,0,0,0,0,0,10,203,22444510,225,225,66001832,0,0,0,0,0,0,9,194,21616576
2019-08-01,53,55,4,9,San Juan County               ,13,13,2709974,0,0,0,0,0,0,0,0,0,0,0,0,0,0,0,0,0,0,0,0,0
2019-08-01,53,59,4,9,Skamania County               ,14,14,3159203,0,0,0,0,0,0,0,0,0,14,14,3159203,0,0,0,0,0,0,0,0,0
2019-08-01,53,61,4,9,Snohomish County              ,217,217,69593431,0,0,0,0,0,0,3,64,6657519,200,200,64693925,0,0,0,0,0,0,1,32,3220000
2017-09-01,53,5,4,9,Benton County                 ,80,80,24065200,2,4,859580,0,0,0,2,24,2194475,6,6,2258298,2,4,859580,0,0,0,0,0,0
2017-09-01,53,11,4,9,Clark County                  ,199,199,55722828,0,0,0,0,0,0,4,70,5547022,46,46,9419313,0,0,0,0,0,0,2,48,3236601
2017-09-01,53,21,4,9,Franklin County               ,43,43,10879382,2,4,675589,0,0,0,0,0,0,0,0,0,0,0,0,0,0,0,0,0,0
2017-09-01,53,31,4,9,Jefferson County              ,15,15,2561464,0,0,0,0,0,0,0,0,0,1,1,95139,0,0,0,0,0,0,0,0,0
2017-09-01,53,33,4,9,King County                   ,286,286,118505077,24,48,8448067,10,36,6788127,29,1167,188215499,218,218,87946705,23,46,7818567,10,36,6788127,25,1088,178727210
2017-09-01,53,35,4,9,Kitsap County                 ,86,86,25535895,0,0,0,0,0,0,0,0,0,86,86,25535895,0,0,0,0,0,0,0,0,0
2017-09-01,53,53,4,9,Pierce County                 ,260,260,78822242,1,2,361232,1,3,528616,1,5,896444,257,257,77945030,1,2,361232,1,3,528616,1,5,896444
2017-09-01,53,55,4,9,San Juan County               ,10,10,2339419,0,0,0,0,0,0,0,0,0,0,0,0,0,0,0,0,0,0,0,0,0
2017-09-01,53,59,4,9,Skamania County               ,2,2,511858,0,0,0,0,0,0,0,0,0,2,2,511858,0,0,0,0,0,0,0,0,0
2017-09-01,53,61,4,9,Snohomish County              ,233,233,65341200,1,2,292665,0,0,0,1,24,3401664,187,187,51938026,1,2,292665,0,0,0,1,24,3401664
2017-02-01,53,5,4,9,Benton County                 ,67,67,19705330,0,0,0,0,0,0,1,9,1031621,22,22,6847380,0,0,0,0,0,0,0,0,0
2017-02-01,53,11,4,9,Clark County                  ,202,202,55300708,0,0,0,2,8,1149156,12,273,22364154,85,85,21535805,0,0,0,2,8,1149156,10,247,19636569
2017-02-01,53,21,4,9,Franklin County               ,35,35,9312906,0,0,0,0,0,0,0,0,0,0,0,0,0,0,0,0,0,0,0,0,0
2017-02-01,53,31,4,9,Jefferson County              ,16,16,2823320,0,0,0,0,0,0,0,0,0,8,8,1298349,0,0,0,0,0,0,0,0,0
2017-02-01,53,33,4,9,King County                   ,353,353,134428083,12,24,4175543,10,36,6786844,12,592,77245243,327,327,121221261,12,24,4175543,10,36,6786844,11,582,75805159
2017-02-01,53,35,4,9,Kitsap County                 ,103,103,31226723,0,0,0,0,0,0,0,0,0,103,103,31226723,0,0,0,0,0,0,0,0,0
2017-02-01,53,53,4,9,Pierce County                 ,165,165,49822781,3,6,679998,0,0,0,4,120,14361694,164,164,49573563,2,4,371372,0,0,0,4,120,14361694
2017-02-01,53,55,4,9,San Juan County               ,5,5,1607803,0,0,0,0,0,0,0,0,0,5,5,1607803,0,0,0,0,0,0,0,0,0
2017-02-01,53,59,4,9,Skamania County               ,2,2,558162,0,0,0,0,0,0,0,0,0,2,2,558162,0,0,0,0,0,0,0,0,0
2017-02-01,53,61,4,9,Snohomish County              ,259,259,72565103,2,4,338063,1,4,798642,8,73,6336294,236,236,67100096,2,4,338063,1,4,798642,6,51,4128426
2018-07-01,53,5,4,9,Benton County                 ,78,78,22779935,1,2,300000,1,3,450000,3,19,1974115,7,7,1832589,1,2,300000,1,3,450000,1,8,875614
2018-07-01,53,11,4,9,Clark County                  ,234,234,70069330,0,0,0,1,3,607164,6,117,7865466,93,93,22503069,0,0,0,0,0,0,5,104,6551675
2018-07-01,53,21,4,9,Franklin County               ,55,55,15121236,2,4,347280,0,0,0,1,5,599552,9,9,3388919,0,0,0,0,0,0,0,0,0
2018-07-01,53,31,4,9,Jefferson County              ,13,13,3167096,0,0,0,0,0,0,0,0,0,1,1,305000,0,0,0,0,0,0,0,0,0
2018-07-01,53,33,4,9,King County                   ,368,368,151965682,11,22,4032271,5,17,3447292,16,220,23806740,251,251,101792589,11,22,4032271,5,17,3447292,13,181,19343661
2018-07-01,53,35,4,9,Kitsap County                 ,75,75,23313521,0,0,0,0,0,0,0,0,0,75,75,23313521,0,0,0,0,0,0,0,0,0
2018-07-01,53,53,4,9,Pierce County                 ,213,213,66532991,11,22,3776124,0,0,0,4,96,9212726,209,209,65333277,11,22,3776124,0,0,0,4,96,9212726
2018-07-01,53,55,4,9,San Juan County               ,14,14,2490385,1,2,350000,0,0,0,0,0,0,14,14,2490385,1,2,350000,0,0,0,0,0,0
2018-07-01,53,59,4,9,Skamania County               ,6,6,1202188,0,0,0,0,0,0,0,0,0,6,6,1202188,0,0,0,0,0,0,0,0,0
2018-07-01,53,61,4,9,Snohomish County              ,194,194,54707516,2,4,1144016,0,0,0,2,12,2247524,146,146,41639756,1,2,792217,0,0,0,2,12,2247524
2020-06-01,53,5,4,9,Benton County                 ,95,95,26041570,3,6,1040544,0,0,0,0,0,0,83,83,22636798,2,4,672798,0,0,0,0,0,0
2020-06-01,53,11,4,9,Clark County                  ,322,322,93034012,1,2,484861,0,0,0,4,43,5210559,151,151,41020984,1,2,484861,0,0,0,4,43,5210559
2020-06-01,53,21,4,9,Franklin County               ,56,56,16077129,1,2,173640,0,0,0,0,0,0,11,11,4354360,0,0,0,0,0,0,0,0,0
2020-06-01,53,31,4,9,Jefferson County              ,14,14,3483794,1,2,296302,0,0,0,0,0,0,0,0,0,1,2,296302,0,0,0,0,0,0
2020-06-01,53,33,4,9,King County                   ,342,342,134839410,24,48,14932799,18,61,16392163,18,343,47492941,223,223,85857942,23,46,14413721,17,58,15891651,13,228,34472900
2020-06-01,53,35,4,9,Kitsap County                 ,88,88,27222068,0,0,0,1,4,704916,1,8,674862,71,71,23074904,0,0,0,1,4,704916,0,0,0
2020-06-01,53,53,4,9,Pierce County                 ,219,219,65580842,0,0,0,2,7,1237787,7,133,16734189,217,217,64829906,0,0,0,1,4,773286,7,133,16734189
2020-06-01,53,55,4,9,San Juan County               ,10,10,2353454,0,0,0,0,0,0,0,0,0,0,0,0,0,0,0,0,0,0,0,0,0
2020-06-01,53,59,4,9,Skamania County               ,6,6,1353838,0,0,0,0,0,0,0,0,0,6,6,1353838,0,0,0,0,0,0,0,0,0
2020-06-01,53,61,4,9,Snohomish County              ,174,174,49750769,2,4,846511,1,3,747913,17,428,69623745,159,159,45121627,1,2,375446,1,3,747913,16,390,65459421
2019-03-01,53,5,4,9,Benton County                 ,66,66,20026203,2,4,816203,0,0,0,1,5,492580,35,35,10513295,1,2,411103,0,0,0,0,0,0
2019-03-01,53,11,4,9,Clark County                  ,222,222,64196251,0,0,0,0,0,0,9,103,9693207,106,106,24796325,0,0,0,0,0,0,8,86,7975173
2019-03-01,53,21,4,9,Franklin County               ,47,47,13078284,2,4,347280,0,0,0,1,5,599552,8,8,3131319,0,0,0,0,0,0,0,0,0
2019-03-01,53,31,4,9,Jefferson County              ,10,10,2174523,0,0,0,0,0,0,0,0,0,1,1,27951,0,0,0,0,0,0,0,0,0
2019-03-01,53,33,4,9,King County                   ,356,356,141376031,14,28,8340718,15,53,8817759,25,1463,238488087,289,289,111586902,14,28,8340718,14,50,8317247,24,1458,237988022
2019-03-01,53,35,4,9,Kitsap County                 ,71,71,23560696,0,0,0,0,0,0,0,0,0,71,71,23560696,0,0,0,0,0,0,0,0,0
2019-03-01,53,53,4,9,Pierce County                 ,165,165,51493853,10,20,3461876,4,16,3180686,2,42,3731000,164,164,51183571,10,20,3461876,4,16,3180686,2,42,3731000
2019-03-01,53,55,4,9,San Juan County               ,9,9,2095893,0,0,0,0,0,0,0,0,0,1,1,300000,0,0,0,0,0,0,0,0,0
2019-03-01,53,59,4,9,Skamania County               ,6,6,927763,1,2,300000,0,0,0,0,0,0,6,6,927763,1,2,300000,0,0,0,0,0,0
2019-03-01,53,61,4,9,Snohomish County              ,196,196,53964973,3,6,1546899,2,7,1286754,7,122,13262298,144,144,39054655,2,4,1195100,2,7,1286754,7,122,13262298
2020-10-01,53,5,4,9,Benton County                 ,136,136,38876802,1,2,357938,0,0,0,0,0,0,115,115,33948564,1,2,357938,0,0,0,0,0,0
2020-10-01,53,11,4,9,Clark County                  ,368,368,103823917,1,2,408235,1,4,741784,7,84,8781986,361,361,102100303,1,2,408235,1,4,741784,7,84,8781986
2020-10-01,53,21,4,9,Franklin County               ,60,60,16928759,1,2,173640,0,0,0,0,0,0,10,10,3903460,0,0,0,0,0,0,0,0,0
2020-10-01,53,31,4,9,Jefferson County              ,21,21,4632992,0,0,0,0,0,0,0,0,0,7,7,1149198,0,0,0,0,0,0,0,0,0
2020-10-01,53,33,4,9,King County                   ,326,326,134117542,4,8,2029388,6,20,2963918,6,273,30724742,198,198,81109658,2,4,991232,5,17,2314018,2,161,18195546
2020-10-01,53,35,4,9,Kitsap County                 ,109,109,35295228,1,2,510475,0,0,0,1,27,2577270,109,109,35295228,1,2,510475,0,0,0,1,27,2577270
2020-10-01,53,53,4,9,Pierce County                 ,219,219,66637770,6,12,2427309,1,4,1081828,15,271,29811950,218,218,66176270,6,12,2427309,1,4,1081828,15,271,29811950
2020-10-01,53,55,4,9,San Juan County               ,9,9,2353736,1,2,237780,0,0,0,0,0,0,6,6,1883429,0,0,0,0,0,0,0,0,0
2020-10-01,53,59,4,9,Skamania County               ,11,11,2898989,0,0,0,0,0,0,0,0,0,11,11,2898989,0,0,0,0,0,0,0,0,0
2020-10-01,53,61,4,9,Snohomish County              ,178,178,50500150,8,16,3992966,4,15,3030815,7,266,37702307,153,153,43025233,7,14,3521901,4,15,3030815,4,208,31648480
2018-11-01,53,5,4,9,Benton County                 ,56,56,17200017,2,4,579796,0,0,0,1,5,492580,36,36,11201477,1,2,174696,0,0,0,0,0,0
2018-11-01,53,11,4,9,Clark County                  ,168,168,54628005,0,0,0,1,4,282761,6,109,9194651,59,59,17784254,0,0,0,1,4,282761,4,86,6815615
2018-11-01,53,21,4,9,Franklin County               ,45,45,12673454,2,4,347280,0,0,0,1,5,599552,10,10,3746691,0,0,0,0,0,0,0,0,0
2018-11-01,53,31,4,9,Jefferson County              ,9,9,2081064,0,0,0,0,0,0,0,0,0,1,1,173000,0,0,0,0,0,0,0,0,0
2018-11-01,53,33,4,9,King County                   ,315,315,123398550,21,42,7787626,20,71,14344848,18,1298,182831015,262,262,97241746,21,42,7787626,20,71,14344848,17,1270,179961807
2018-11-01,53,35,4,9,Kitsap County                 ,41,41,12524101,0,0,0,0,0,0,0,0,0,32,32,10286679,0,0,0,0,0,0,0,0,0
2018-11-01,53,53,4,9,Pierce County                 ,158,158,49463954,0,0,0,0,0,0,10,178,20887720,155,155,48510899,0,0,0,0,0,0,10,178,20887720
2018-11-01,53,55,4,9,San Juan County               ,11,11,2199007,0,0,0,0,0,0,0,0,0,4,4,627600,0,0,0,0,0,0,0,0,0
2018-11-01,53,59,4,9,Skamania County               ,6,6,839208,0,0,0,0,0,0,0,0,0,6,6,839208,0,0,0,0,0,0,0,0,0
2018-11-01,53,61,4,9,Snohomish County              ,216,216,62095718,5,10,2101217,3,11,1875238,23,355,41144940,179,179,52008848,3,6,1397619,2,8,1405558,23,355,41144940
2021-02-01,53,5,4,9,Benton County                 ,109,109,34518552,0,0,0,0,0,0,1,30,3585716,39,39,13370191,0,0,0,0,0,0,0,0,0
2021-02-01,53,11,4,9,Clark County                  ,289,289,87109268,2,4,679721,6,22,3231198,8,187,21131759,133,133,38432406,2,4,679721,6,22,3231198,8,187,21131759
2021-02-01,53,21,4,9,Franklin County               ,56,56,15541093,1,2,173640,0,0,0,0,0,0,1,1,292471,0,0,0,0,0,0,0,0,0
2021-02-01,53,31,4,9,Jefferson County              ,17,17,3772132,0,0,0,0,0,0,0,0,0,7,7,1283708,0,0,0,0,0,0,0,0,0
2021-02-01,53,33,4,9,King County                   ,274,274,98995190,18,36,10691121,15,52,9400771,11,1257,221164142,154,154,51491934,17,34,10172043,14,49,8398418,8,1133,207919865
2021-02-01,53,35,4,9,Kitsap County                 ,118,118,34363051,1,2,283419,0,0,0,1,11,1418000,118,118,34363051,1,2,283419,0,0,0,1,11,1418000
2021-02-01,53,53,4,9,Pierce County                 ,392,392,117709520,0,0,0,0,0,0,4,74,10595864,391,391,117467259,0,0,0,0,0,0,4,74,10595864
2021-02-01,53,55,4,9,San Juan County               ,8,8,1742418,0,0,0,0,0,0,0,0,0,1,1,95000,0,0,0,0,0,0,0,0,0
2021-02-01,53,59,4,9,Skamania County               ,5,5,1207445,0,0,0,0,0,0,0,0,0,5,5,1207445,0,0,0,0,0,0,0,0,0
2021-02-01,53,61,4,9,Snohomish County              ,216,216,64613188,5,10,2480451,0,0,0,9,144,15529072,181,181,53327791,4,8,2009386,0,0,0,4,56,6201585
2021-03-01,53,5,4,9,Benton County                 ,151,151,43876836,2,4,731893,1,3,438432,1,34,4063812,78,78,23479342,0,0,0,0,0,0,0,0,0
2021-03-01,53,11,4,9,Clark County                  ,359,359,103291488,5,10,2016364,0,0,0,6,50,5911609,171,171,44283259,5,10,2016364,0,0,0,6,50,5911609
2021-03-01,53,21,4,9,Franklin County               ,70,70,19345625,2,4,533576,0,0,0,1,5,599552,1,1,219721,1,2,359936,0,0,0,0,0,0
2021-03-01,53,31,4,9,Jefferson County              ,22,22,5346167,0,0,0,0,0,0,0,0,0,4,4,867003,0,0,0,0,0,0,0,0,0
2021-03-01,53,33,4,9,King County                   ,276,276,108548270,30,60,11004241,25,84,23909069,20,1152,205712488,164,164,67928301,28,56,9966085,25,84,23909069,17,1101,197433160
2021-03-01,53,35,4,9,Kitsap County                 ,88,88,29552962,0,0,0,2,6,1671723,1,8,1724897,88,88,29552962,0,0,0,2,6,1671723,1,8,1724897
2021-03-01,53,53,4,9,Pierce County                 ,400,400,121846987,2,4,437998,3,11,1596815,5,308,23512025,396,396,120429835,2,4,437998,2,8,1132314,4,303,23052062
2021-03-01,53,55,4,9,San Juan County               ,15,15,3294452,2,4,475560,0,0,0,0,0,0,0,0,0,0,0,0,0,0,0,0,0,0
2021-03-01,53,59,4,9,Skamania County               ,8,8,2219720,0,0,0,0,0,0,0,0,0,8,8,2219720,0,0,0,0,0,0,0,0,0
2021-03-01,53,61,4,9,Snohomish County              ,283,283,87571637,8,16,4648330,0,0,0,3,49,4990347,254,254,77774136,8,16,4648330,0,0,0,0,0,0
2018-10-01,53,5,4,9,Benton County                 ,84,84,25392748,2,4,664392,0,0,0,6,246,25349256,60,60,18194500,2,4,664392,0,0,0,5,240,24758160
2018-10-01,53,11,4,9,Clark County                  ,232,232,66983494,0,0,0,0,0,0,2,33,3243132,109,109,25234060,0,0,0,0,0,0,1,16,1525098
2018-10-01,53,21,4,9,Franklin County               ,53,53,15034902,2,4,347280,0,0,0,1,5,599552,12,12,4577837,0,0,0,0,0,0,0,0,0
2018-10-01,53,31,4,9,Jefferson County              ,16,16,3722901,0,0,0,0,0,0,0,0,0,4,4,860805,0,0,0,0,0,0,0,0,0
2018-10-01,53,33,4,9,King County                   ,347,347,138814807,21,42,10085092,17,59,11985896,19,721,90865087,252,252,96845432,21,42,10085092,17,59,11985896,16,682,86690397
2018-10-01,53,35,4,9,Kitsap County                 ,81,81,26589747,1,2,376225,0,0,0,0,0,0,71,71,24103723,1,2,376225,0,0,0,0,0,0
2018-10-01,53,53,4,9,Pierce County                 ,233,233,66126670,6,12,1280723,0,0,0,7,113,13006315,217,217,61300805,5,10,976929,0,0,0,7,113,13006315
2018-10-01,53,55,4,9,San Juan County               ,12,12,2582467,0,0,0,0,0,0,0,0,0,2,2,337600,0,0,0,0,0,0,0,0,0
2018-10-01,53,59,4,9,Skamania County               ,9,9,1744175,0,0,0,0,0,0,0,0,0,9,9,1744175,0,0,0,0,0,0,0,0,0
2018-10-01,53,61,4,9,Snohomish County              ,216,216,69907982,1,2,351799,2,8,1825873,5,33,6202807,176,176,58942597,0,0,0,2,8,1825873,5,33,6202807
2020-11-01,53,5,4,9,Benton County                 ,109,109,34699839,0,0,0,0,0,0,0,0,0,109,109,34699839,0,0,0,0,0,0,0,0,0
2020-11-01,53,11,4,9,Clark County                  ,266,266,77594383,0,0,0,0,0,0,3,32,3247423,129,129,34593705,0,0,0,0,0,0,3,32,3247423
2020-11-01,53,21,4,9,Franklin County               ,51,51,14021018,1,2,173640,0,0,0,0,0,0,9,9,3079767,0,0,0,0,0,0,0,0,0
2020-11-01,53,31,4,9,Jefferson County              ,14,14,3086316,0,0,0,0,0,0,0,0,0,3,3,349049,0,0,0,0,0,0,0,0,0
2020-11-01,53,33,4,9,King County                   ,261,261,101340272,20,40,7281778,14,46,7935162,26,598,84288767,160,160,60017386,19,38,6762700,13,43,7285262,22,470,69944505
2020-11-01,53,35,4,9,Kitsap County                 ,56,56,17886011,4,8,1377476,0,0,0,0,0,0,56,56,17886011,4,8,1377476,0,0,0,0,0,0
2020-11-01,53,53,4,9,Pierce County                 ,178,178,54792369,5,10,1797488,3,11,2208998,14,362,48462870,178,178,54792369,5,10,1797488,3,11,2208998,14,362,48462870
2020-11-01,53,55,4,9,San Juan County               ,9,9,2127763,0,0,0,0,0,0,0,0,0,1,1,245000,0,0,0,0,0,0,0,0,0
2020-11-01,53,59,4,9,Skamania County               ,4,4,831124,0,0,0,0,0,0,0,0,0,4,4,831124,0,0,0,0,0,0,0,0,0
2020-11-01,53,61,4,9,Snohomish County              ,171,171,57280907,7,14,3763779,0,0,0,4,68,7077015,148,148,50289055,5,10,2821650,0,0,0,0,0,0
2019-02-01,53,5,4,9,Benton County                 ,54,54,16511454,1,2,405100,0,0,0,1,5,492580,10,10,2958535,0,0,0,0,0,0,0,0,0
2019-02-01,53,11,4,9,Clark County                  ,187,187,55491583,1,2,354670,0,0,0,8,219,22114205,171,171,51203572,0,0,0,0,0,0,7,214,21569875
2019-02-01,53,21,4,9,Franklin County               ,38,38,9979489,1,2,173640,0,0,0,0,0,0,6,6,1817877,0,0,0,0,0,0,0,0,0
2019-02-01,53,31,4,9,Jefferson County              ,12,12,2802572,0,0,0,0,0,0,0,0,0,8,8,2140812,0,0,0,0,0,0,0,0,0
2019-02-01,53,33,4,9,King County                   ,241,241,90470960,11,22,4992531,13,45,7958096,12,103,10724057,161,161,56862641,11,22,4992531,12,41,7376720,11,98,10092582
2019-02-01,53,35,4,9,Kitsap County                 ,69,69,23082818,0,0,0,0,0,0,0,0,0,61,61,21093999,0,0,0,0,0,0,0,0,0
2019-02-01,53,53,4,9,Pierce County                 ,156,156,45956251,2,4,784998,4,15,3888312,0,0,0,153,153,44960607,2,4,784998,4,15,3888312,0,0,0
2019-02-01,53,55,4,9,San Juan County               ,7,7,1576698,0,0,0,0,0,0,0,0,0,7,7,1576698,0,0,0,0,0,0,0,0,0
2019-02-01,53,59,4,9,Skamania County               ,1,1,221108,0,0,0,0,0,0,0,0,0,1,1,221108,0,0,0,0,0,0,0,0,0
2019-02-01,53,61,4,9,Snohomish County              ,135,135,37624667,3,6,1420894,5,16,3888926,3,16,2309947,102,102,27226359,3,6,1420894,5,16,3888926,1,6,1220424
2020-07-01,53,5,4,9,Benton County                 ,126,126,35722537,0,0,0,3,10,1585011,1,29,3466192,74,74,20134131,0,0,0,1,4,681857,0,0,0
2020-07-01,53,11,4,9,Clark County                  ,352,352,99786232,1,2,402088,0,0,0,8,103,13405747,188,188,48655863,1,2,402088,0,0,0,7,98,12900443
2020-07-01,53,21,4,9,Franklin County               ,55,55,15038997,1,2,173640,0,0,0,0,0,0,6,6,2274204,0,0,0,0,0,0,0,0,0
2020-07-01,53,31,4,9,Jefferson County              ,14,14,3353684,0,0,0,0,0,0,0,0,0,1,1,118732,0,0,0,0,0,0,0,0,0
2020-07-01,53,33,4,9,King County                   ,378,378,145094538,21,42,13504484,17,59,14870764,14,515,86830176,267,267,97684746,21,42,13504484,16,56,14370252,12,425,79121753
2020-07-01,53,35,4,9,Kitsap County                 ,72,72,20346634,1,2,168447,0,0,0,2,54,4839339,72,72,20346634,1,2,168447,0,0,0,2,54,4839339
2020-07-01,53,53,4,9,Pierce County                 ,255,255,73517136,8,16,2582793,1,4,864151,10,158,17735060,254,254,73055636,8,16,2582793,1,4,864151,10,158,17735060
2020-07-01,53,55,4,9,San Juan County               ,12,12,2588416,1,2,237780,0,0,0,0,0,0,0,0,0,0,0,0,0,0,0,0,0,0
2020-07-01,53,59,4,9,Skamania County               ,5,5,1001182,0,0,0,0,0,0,0,0,0,5,5,1001182,0,0,0,0,0,0,0,0,0
2020-07-01,53,61,4,9,Snohomish County              ,269,269,78810042,3,6,1413903,2,7,1571974,5,89,10716213,237,237,68233358,2,4,942838,2,7,1571974,2,10,2186087
2018-06-01,53,5,4,9,Benton County                 ,75,75,21738578,0,0,0,0,0,0,2,16,1603435,24,24,7182139,0,0,0,0,0,0,0,0,0
2018-06-01,53,11,4,9,Clark County                  ,238,238,71260777,1,2,354670,1,3,280202,4,94,7364435,93,93,22192022,0,0,0,1,3,280202,3,76,5545340
2018-06-01,53,21,4,9,Franklin County               ,62,62,17384363,3,6,520919,0,0,0,0,0,0,14,14,5141945,0,0,0,0,0,0,0,0,0
2018-06-01,53,31,4,9,Jefferson County              ,18,18,3814961,0,0,0,0,0,0,0,0,0,4,4,475849,0,0,0,0,0,0,0,0,0
2018-06-01,53,33,4,9,King County                   ,356,356,137908828,10,20,3930891,21,68,11373320,20,856,104696335,252,252,91269996,10,20,3930891,21,68,11373320,18,821,100681661
2018-06-01,53,35,4,9,Kitsap County                 ,93,93,33590645,2,4,692288,0,0,0,0,0,0,93,93,33590645,2,4,692288,0,0,0,0,0,0
2018-06-01,53,53,4,9,Pierce County                 ,249,249,77216287,2,4,708252,0,0,0,16,607,74824911,248,248,76856187,2,4,708252,0,0,0,16,607,74824911
2018-06-01,53,55,4,9,San Juan County               ,23,23,3470606,0,0,0,0,0,0,0,0,0,23,23,3470606,0,0,0,0,0,0,0,0,0
2018-06-01,53,59,4,9,Skamania County               ,5,5,1224861,0,0,0,0,0,0,0,0,0,1,1,325000,0,0,0,0,0,0,0,0,0
2018-06-01,53,61,4,9,Snohomish County              ,199,199,63845649,5,10,1931099,0,0,0,4,58,4650239,133,133,44818155,3,6,1227501,0,0,0,2,48,3895634
2017-03-01,53,5,4,9,Benton County                 ,88,88,27212714,0,0,0,0,0,0,0,0,0,44,44,12637656,0,0,0,0,0,0,0,0,0
2017-03-01,53,11,4,9,Clark County                  ,194,194,56174183,5,10,1288902,0,0,0,5,108,7953498,187,187,54488222,5,10,1288902,0,0,0,4,88,5947231
2017-03-01,53,21,4,9,Franklin County               ,43,43,11460794,0,0,0,0,0,0,0,0,0,0,0,0,0,0,0,0,0,0,0,0,0
2017-03-01,53,31,4,9,Jefferson County              ,14,14,3131178,0,0,0,0,0,0,0,0,0,14,14,3131178,0,0,0,0,0,0,0,0,0
2017-03-01,53,33,4,9,King County                   ,337,337,136471143,16,32,6920222,14,53,8388779,27,1072,148397652,285,285,108467419,15,30,6597115,14,53,8388779,24,1022,140625882
2017-03-01,53,35,4,9,Kitsap County                 ,70,70,20002504,0,0,0,0,0,0,1,18,3670119,70,70,20002504,0,0,0,0,0,0,1,18,3670119
2017-03-01,53,53,4,9,Pierce County                 ,201,201,60156273,3,6,1026946,1,3,561459,3,65,7830562,199,199,59628950,3,6,1026946,0,0,0,2,60,6935259
2017-03-01,53,55,4,9,San Juan County               ,12,12,2887299,0,0,0,0,0,0,0,0,0,0,0,0,0,0,0,0,0,0,0,0,0
2017-03-01,53,59,4,9,Skamania County               ,3,3,764472,0,0,0,0,0,0,0,0,0,3,3,764472,0,0,0,0,0,0,0,0,0
2017-03-01,53,61,4,9,Snohomish County              ,151,151,40691207,1,2,416172,0,0,0,1,13,600010,126,126,34866729,0,0,0,0,0,0,0,0,0
